0.0,-45.9654006958,-1601197.0,0.0
0.0012796021,-45.9014205933,-1602740.0,0.0
0.0025592041,-45.8374404907,-1612439.0,0.0
0.0038388062,-45.7734603882,-1622336.0,0.0
0.0051184082,-45.7094802856,-1633027.0,0.0
0.0063980101,-45.6455001831,-1644328.0,0.0
0.0076776124,-45.5815200806,-1655421.0,0.0
0.0089572147,-45.517539978,-1666688.0,0.0
0.0102368165,-45.4535598755,-1677502.0,0.0
0.0115164183,-45.3895797729,-1687206.0,0.0
0.0127960201,-45.3255996704,-1699760.0,0.0
0.0140756229,-45.2616195679,-1712003.0,0.0
0.0153552247,-45.1976394653,-1725414.0,0.0
0.0166348275,-45.1336593628,-1738835.0,0.0
0.0179144293,-45.0696792603,-1752556.0,0.0
0.0191940311,-45.0056991577,-1766355.0,0.0
0.020473633,-44.9417190552,-1780602.0,0.0
0.0217532348,-44.8777389526,-1794722.0,0.0
0.0230328366,-44.8137588501,-1808829.0,0.0
0.0243124384,-44.7497787476,-1823083.0,0.0
0.0255920403,-44.685798645,-1837307.0,0.0
0.026871644,-44.6218185425,-1851543.0,0.0
0.0281512458,-44.5578384399,-1865473.0,0.0
0.0294308476,-44.4938583374,-1879463.0,0.0
0.0307104494,-44.4298782349,-1893074.0,0.0
0.0319900513,-44.3658981323,-1906766.0,0.0
0.033269655,-44.3019180298,-1919999.0,0.0
0.0345492549,-44.2379379272,-1933217.0,0.0
0.0358288586,-44.1739578247,-1946150.0,0.0
0.0371084586,-44.1099777222,-1958952.0,0.0
0.0383880623,-44.0459976196,-1971564.0,0.0
0.0396676622,-43.9820175171,-1983960.0,0.0
0.0409472659,-43.9180374146,-1995118.0,0.0
0.0422268659,-43.854057312,-2005290.0,0.0
0.0435064696,-43.7900772095,-2015801.0,0.0
0.0447860733,-43.7260971069,-2027413.0,0.0
0.0460656732,-43.6621170044,-2038628.0,0.0
0.0473452769,-43.5981369019,-2050367.0,0.0
0.0486248769,-43.5341567993,-2061649.0,0.0
0.0499044806,-43.4701766968,-2072743.0,0.0
0.0511840805,-43.4061965942,-2083955.0,0.0
0.0524636842,-43.3422164917,-2095158.0,0.0
0.0537432879,-43.2782363892,-2106038.0,0.0
0.0550228879,-43.2142562866,-2116912.0,0.0
0.0563024916,-43.1502761841,-2127718.0,0.0
0.0575820915,-43.0862960815,-2138876.0,0.0
0.0588616952,-43.022315979,-2149845.0,0.0
0.0601412952,-42.9583358765,-2161170.0,0.0
0.0614208989,-42.8943557739,-2172275.0,0.0
0.0627005026,-42.8303756714,-2183842.0,0.0
0.0639801025,-42.7663955688,-2195499.0,0.0
0.0652597025,-42.7024154663,-2207505.0,0.0
0.0665393099,-42.6384353638,-2219582.0,0.0
0.0678189099,-42.5744552612,-2232111.0,0.0
0.0690985098,-42.5104751587,-2244696.0,0.0
0.0703781098,-42.4464950562,-2257659.0,0.0
0.0716577172,-42.3825149536,-2270481.0,0.0
0.0729373172,-42.3185348511,-2282758.0,0.0
0.0742169172,-42.2545547485,-2293501.0,0.0
0.0754965246,-42.190574646,-2307149.0,0.0
0.0767761245,-42.1265945435,-2320542.0,0.0
0.0780557245,-42.0626144409,-2334449.0,0.0
0.0793353245,-41.9986343384,-2348109.0,0.0
0.0806149319,-41.9346542358,-2361580.0,0.0
0.0818945318,-41.8706741333,-2374628.0,0.0
0.0831741318,-41.8066940308,-2387541.0,0.0
0.0844537318,-41.7427139282,-2399709.0,0.0
0.0857333392,-41.6787338257,-2411783.0,0.0
0.0870129392,-41.6147537231,-2423286.0,0.0
0.0882925391,-41.5507736206,-2434770.0,0.0
0.0895721465,-41.4867935181,-2445998.0,0.0
0.0908517465,-41.4228134155,-2456944.0,0.0
0.0921313465,-41.358833313,-2467618.0,0.0
0.0934109464,-41.2948532104,-2478154.0,0.0
0.0946905538,-41.2308731079,-2488515.0,0.0
0.0959701538,-41.1668930054,-2499053.0,0.0
0.0972497538,-41.1029129028,-2509379.0,0.0
0.0985293612,-41.0389328003,-2519869.0,0.0
0.0998089612,-40.9749526978,-2530276.0,0.0
0.1010885611,-40.9109725952,-2540691.0,0.0
0.1023681611,-40.8469924927,-2550912.0,0.0
0.1036477685,-40.7830123901,-2560736.0,0.0
0.1049273685,-40.7190322876,-2569441.0,0.0
0.1062069684,-40.6550521851,-2578424.0,0.0
0.1074865758,-40.5910720825,-2588760.0,0.0
0.1087661758,-40.52709198,-2598836.0,0.0
0.1100457758,-40.4631118774,-2609215.0,0.0
0.1113253757,-40.3991317749,-2619556.0,0.0
0.1126049832,-40.3351516724,-2629751.0,0.0
0.1138845831,-40.2711715698,-2640181.0,0.0
0.1151641831,-40.2071914673,-2650277.0,0.0
0.116443783,-40.1432113647,-2660477.0,0.0
0.1177233905,-40.0792312622,-2670742.0,0.0
0.1190029904,-40.0152511597,-2681064.0,0.0
0.1202825904,-39.9512710571,-2691809.0,0.0
0.1215621978,-39.8872909546,-2702516.0,0.0
0.1228417978,-39.8233108521,-2713655.0,0.0
0.1241213977,-39.7593307495,-2725011.0,0.0
0.1254010051,-39.695350647,-2736569.0,0.0
0.1266805977,-39.6313705444,-2748488.0,0.0
0.1279602051,-39.5673904419,-2760809.0,0.0
0.1292398125,-39.5034103394,-2773751.0,0.0
0.130519405,-39.4394302368,-2786937.0,0.0
0.1317990124,-39.3754501343,-2801146.0,0.0
0.1330786198,-39.3114700317,-2815789.0,0.0
0.1343582124,-39.2474899292,-2830881.0,0.0
0.1356378198,-39.1835098267,-2846046.0,0.0
0.1369174123,-39.1195297241,-2859297.0,0.0
0.1381970197,-39.0555496216,-2876548.0,0.0
0.1394766271,-38.991569519,-2894587.0,0.0
0.1407562196,-38.9275894165,-2912988.0,0.0
0.142035827,-38.863609314,-2932150.0,0.0
0.1433154345,-38.7996292114,-2950774.0,0.0
0.144595027,-38.7356491089,-2969182.0,0.0
0.1458746344,-38.6716690063,-2987059.0,0.0
0.1471542418,-38.6076889038,-3003910.0,0.0
0.1484338343,-38.5437088013,-3020142.0,0.0
0.1497134417,-38.4797286987,-3035553.0,0.0
0.1509930491,-38.4157485962,-3050205.0,0.0
0.1522726417,-38.3517684937,-3064355.0,0.0
0.1535522491,-38.2877883911,-3077699.0,0.0
0.1548318416,-38.2238082886,-3090786.0,0.0
0.156111449,-38.159828186,-3103400.0,0.0
0.1573910564,-38.0958480835,-3115815.0,0.0
0.1586706489,-38.031867981,-3128097.0,0.0
0.1599502563,-37.9678878784,-3140357.0,0.0
0.1612298638,-37.9039077759,-3152634.0,0.0
0.1625094563,-37.8399276733,-3165213.0,0.0
0.1637890637,-37.7759475708,-3177998.0,0.0
0.1650686711,-37.7119674683,-3190902.0,0.0
0.1663482636,-37.6479873657,-3204092.0,0.0
0.167627871,-37.5840072632,-3215945.0,0.0
0.1689074636,-37.5200271606,-3228303.0,0.0
0.170187071,-37.4560470581,-3243639.0,0.0
0.1714666784,-37.3920669556,-3258649.0,0.0
0.1727462709,-37.328086853,-3275024.0,0.0
0.1740258783,-37.2641067505,-3291937.0,0.0
0.1753054857,-37.2001266479,-3308829.0,0.0
0.1765850782,-37.1361465454,-3326427.0,0.0
0.1778646857,-37.0721664429,-3343887.0,0.0
0.1791442931,-37.0081863403,-3361609.0,0.0
0.1804238856,-36.9442062378,-3378921.0,0.0
0.181703493,-36.8802261353,-3395704.0,0.0
0.1829831004,-36.8162460327,-3412316.0,0.0
0.1842626929,-36.7522659302,-3428239.0,0.0
0.1855423003,-36.6882858276,-3443766.0,0.0
0.1868218929,-36.6243057251,-3458704.0,0.0
0.1881015003,-36.5603256226,-3473206.0,0.0
0.1893811077,-36.49634552,-3487326.0,0.0
0.1906607002,-36.4323654175,-3500902.0,0.0
0.1919403076,-36.3683853149,-3514491.0,0.0
0.193219915,-36.3044052124,-3527863.0,0.0
0.1944995075,-36.2404251099,-3540941.0,0.0
0.195779115,-36.1764450073,-3553673.0,0.0
0.1970587224,-36.1124649048,-3566281.0,0.0
0.1983383149,-36.0484848022,-3578113.0,0.0
0.1996179223,-35.9845046997,-3588086.0,0.0
0.2008975148,-35.9205245972,-3599847.0,0.0
0.2021771222,-35.8565444946,-3612070.0,0.0
0.2034567297,-35.7925643921,-3623622.0,0.0
0.2047363222,-35.7285842896,-3635349.0,0.0
0.2060159296,-35.664604187,-3646556.0,0.0
0.207295537,-35.6006240845,-3657409.0,0.0
0.2085751295,-35.5366439819,-3668016.0,0.0
0.2098547369,-35.4726638794,-3678238.0,0.0
0.2111343443,-35.4086837769,-3688443.0,0.0
0.2124139369,-35.3447036743,-3698300.0,0.0
0.2136935443,-35.2807235718,-3708116.0,0.0
0.2149731517,-35.2167434692,-3718136.0,0.0
0.2162527442,-35.1527633667,-3728112.0,0.0
0.2175323516,-35.0887832642,-3738251.0,0.0
0.2188119441,-35.0248031616,-3748696.0,0.0
0.2200915515,-34.9608230591,-3759265.0,0.0
0.221371159,-34.8968429565,-3769965.0,0.0
0.2226507515,-34.832862854,-3781039.0,0.0
0.2239303589,-34.7688827515,-3792601.0,0.0
0.2252099663,-34.7049026489,-3804192.0,0.0
0.2264895588,-34.6409225464,-3816084.0,0.0
0.2277691662,-34.5769424438,-3828613.0,0.0
0.2290487736,-34.5129623413,-3840843.0,0.0
0.2303283662,-34.4489822388,-3852386.0,0.0
0.2316079736,-34.3850021362,-3863502.0,0.0
0.2328875661,-34.3210220337,-3877439.0,0.0
0.2341671735,-34.2570419312,-3890786.0,0.0
0.2354467809,-34.1930618286,-3905286.0,0.0
0.2367263734,-34.1290817261,-3919763.0,0.0
0.2380059808,-34.0651016235,-3934677.0,0.0
0.2392855883,-34.001121521,-3949452.0,0.0
0.2405651808,-33.9371414185,-3964595.0,0.0
0.2418447882,-33.8731613159,-3979343.0,0.0
0.2431243956,-33.8091812134,-3994224.0,0.0
0.2444039881,-33.7452011108,-4008645.0,0.0
0.2456835955,-33.6812210083,-4023073.0,0.0
0.246963203,-33.6172409058,-4037072.0,0.0
0.2482427955,-33.5532608032,-4050783.0,0.0
0.2495224029,-33.4892807007,-4064237.0,0.0
0.2508020103,-33.4253005981,-4077536.0,0.0
0.2520816028,-33.3613204956,-4090400.0,0.0
0.2533611953,-33.2973403931,-4103459.0,0.0
0.2546408176,-33.2333602905,-4116090.0,0.0
0.2559204102,-33.169380188,-4128743.0,0.0
0.2572000027,-33.1054000854,-4141161.0,0.0
0.258479625,-33.0414199829,-4153418.0,0.0
0.2597592175,-32.9774398804,-4165783.0,0.0
0.26103881,-32.9134597778,-4177630.0,0.0
0.2623184323,-32.8494796753,-4187591.0,0.0
0.2635980248,-32.7854995728,-4199496.0,0.0
0.2648776174,-32.7215194702,-4212020.0,0.0
0.2661572397,-32.6575393677,-4224595.0,0.0
0.2674368322,-32.5935592651,-4237525.0,0.0
0.2687164247,-32.5295791626,-4250694.0,0.0
0.269996047,-32.4655990601,-4263365.0,0.0
0.2712756395,-32.4016189575,-4276381.0,0.0
0.272555232,-32.337638855,-4289204.0,0.0
0.2738348246,-32.2736587524,-4302416.0,0.0
0.2751144469,-32.2096786499,-4315523.0,0.0
0.2763940394,-32.1456985474,-4328964.0,0.0
0.2776736319,-32.0817184448,-4342451.0,0.0
0.2789532542,-32.0177383423,-4355916.0,0.0
0.2802328169,-31.9537601471,-4369669.0,0.0
0.2815123796,-31.8897819519,-4383299.0,0.0
0.2827919424,-31.8258037567,-4397005.0,0.0
0.2840715051,-31.7618255615,-4410766.0,0.0
0.2853510678,-31.6978473663,-4424202.0,0.0
0.2866306305,-31.6338691711,-4437918.0,0.0
0.2879101932,-31.569890976,-4451325.0,0.0
0.2891897559,-31.5059127808,-4464854.0,0.0
0.2904693186,-31.4419345856,-4478065.0,0.0
0.2917488813,-31.3779563904,-4491006.0,0.0
0.2930284441,-31.3139781952,-4502720.0,0.0
0.2943080068,-31.25,-4513444.0,0.0
0.2955875695,-31.1860218048,-4526419.0,0.0
0.2968671322,-31.1220436096,-4538895.0,0.0
0.2981466949,-31.0580654144,-4551587.0,0.0
0.2994262576,-30.9940872192,-4564237.0,0.0
0.3007058203,-30.930109024,-4576494.0,0.0
0.301985383,-30.8661308289,-4588976.0,0.0
0.3032649755,-30.8021526337,-4600588.0,0.0
0.3045445383,-30.7381744385,-4612011.0,0.0
0.305824101,-30.6741962433,-4623177.0,0.0
0.3071036637,-30.6102180481,-4634090.0,0.0
0.3083832264,-30.5462398529,-4645018.0,0.0
0.3096627891,-30.4822616577,-4655639.0,0.0
0.3109423518,-30.4182834625,-4666028.0,0.0
0.3122219145,-30.3543052673,-4676503.0,0.0
0.3135014772,-30.2903270721,-4686576.0,0.0
0.31478104,-30.226348877,-4696895.0,0.0
0.3160606027,-30.1623706818,-4707090.0,0.0
0.3173401654,-30.0983924866,-4717298.0,0.0
0.3186197281,-30.0344142914,-4727495.0,0.0
0.3198992908,-29.9704360962,-4738009.0,0.0
0.3211788535,-29.906457901,-4748447.0,0.0
0.3224584162,-29.8424797058,-4759056.0,0.0
0.3237379789,-29.7785015106,-4769094.0,0.0
0.3250175416,-29.7145233154,-4778666.0,0.0
0.3262971044,-29.6505451202,-4788611.0,0.0
0.3275766671,-29.586566925,-4800290.0,0.0
0.3288562298,-29.5225887299,-4811723.0,0.0
0.3301357925,-29.4586105347,-4823816.0,0.0
0.3314153552,-29.3946323395,-4835747.0,0.0
0.3326949179,-29.3306541443,-4847874.0,0.0
0.3339744806,-29.2666759491,-4860226.0,0.0
0.3352540731,-29.2026977539,-4872573.0,0.0
0.3365336359,-29.1387195587,-4885244.0,0.0
0.3378131986,-29.0747413635,-4898288.0,0.0
0.3390927613,-29.0107631683,-4911312.0,0.0
0.340372324,-28.9467849731,-4925185.0,0.0
0.3416518867,-28.882806778,-4939181.0,0.0
0.3429314494,-28.8188285828,-4953663.0,0.0
0.3442110121,-28.7548503876,-4968228.0,0.0
0.3454905748,-28.6908721924,-4983371.0,0.0
0.3467701375,-28.6268939972,-4998949.0,0.0
0.3480497003,-28.562915802,-5014563.0,0.0
0.349329263,-28.4989376068,-5030350.0,0.0
0.3506088257,-28.4349594116,-5045999.0,0.0
0.3518883884,-28.3709812164,-5061445.0,0.0
0.3531679511,-28.3070030212,-5076669.0,0.0
0.3544475138,-28.243024826,-5091409.0,0.0
0.3557270765,-28.1790466309,-5105022.0,0.0
0.3570066392,-28.1150684357,-5116321.0,0.0
0.358286202,-28.0510902405,-5130756.0,0.0
0.3595657647,-27.9871120453,-5144484.0,0.0
0.3608453274,-27.9231338501,-5158297.0,0.0
0.3621248901,-27.8591556549,-5171904.0,0.0
0.3634044528,-27.7951774597,-5185121.0,0.0
0.3646840155,-27.7311992645,-5198106.0,0.0
0.3659635782,-27.6672210693,-5210957.0,0.0
0.3672431707,-27.6032428741,-5223185.0,0.0
0.3685227334,-27.539264679,-5235814.0,0.0
0.3698022962,-27.4752864838,-5247761.0,0.0
0.3710818589,-27.4113082886,-5260237.0,0.0
0.3723614216,-27.3473300934,-5272762.0,0.0
0.3736409843,-27.2833518982,-5285588.0,0.0
0.374920547,-27.219373703,-5298596.0,0.0
0.3762001097,-27.1553955078,-5312225.0,0.0
0.3774796724,-27.0914173126,-5325882.0,0.0
0.3787592351,-27.0274391174,-5340263.0,0.0
0.3800387979,-26.9634609222,-5355082.0,0.0
0.3813183606,-26.8994827271,-5370619.0,0.0
0.3825979233,-26.8355045319,-5386815.0,0.0
0.383877486,-26.7715263367,-5403534.0,0.0
0.3851570487,-26.7075481415,-5420538.0,0.0
0.3864366114,-26.6435699463,-5437725.0,0.0
0.3877161741,-26.5795917511,-5453068.0,0.0
0.3889957368,-26.5156135559,-5469034.0,0.0
0.3902752995,-26.4516353607,-5487280.0,0.0
0.3915548623,-26.3876571655,-5504677.0,0.0
0.392834425,-26.3236789703,-5522244.0,0.0
0.3941139877,-26.2597007751,-5539308.0,0.0
0.3953935504,-26.19572258,-5555558.0,0.0
0.3966731131,-26.1317443848,-5571297.0,0.0
0.3979526758,-26.0677661896,-5586307.0,0.0
0.3992322683,-26.0037879944,-5600588.0,0.0
0.400511831,-25.9398097992,-5614473.0,0.0
0.4017913938,-25.875831604,-5627720.0,0.0
0.4030709565,-25.8118534088,-5640967.0,0.0
0.4043505192,-25.7478752136,-5653357.0,0.0
0.4056300819,-25.6838970184,-5665437.0,0.0
0.4069096446,-25.6199188232,-5677019.0,0.0
0.4081892073,-25.5559406281,-5688558.0,0.0
0.40946877,-25.4919624329,-5699787.0,0.0
0.4107483327,-25.4279842377,-5710960.0,0.0
0.4120278955,-25.3640060425,-5721977.0,0.0
0.4133074582,-25.3000278473,-5732820.0,0.0
0.4145870209,-25.2360496521,-5743499.0,0.0
0.4158665836,-25.1720714569,-5754136.0,0.0
0.4171461463,-25.1080932617,-5764503.0,0.0
0.418425709,-25.0441150665,-5774382.0,0.0
0.4197052717,-24.9801368713,-5782837.0,0.0
0.4209848344,-24.9161586761,-5793463.0,0.0
0.4222643971,-24.852180481,-5804269.0,0.0
0.4235439599,-24.7882022858,-5815110.0,0.0
0.4248235226,-24.7242240906,-5826299.0,0.0
0.4261030853,-24.6602458954,-5837500.0,0.0
0.427382648,-24.5962677002,-5848699.0,0.0
0.4286622107,-24.532289505,-5860254.0,0.0
0.4299417734,-24.4683113098,-5871649.0,0.0
0.4312213659,-24.4043331146,-5883528.0,0.0
0.4325009286,-24.3403549194,-5895285.0,0.0
0.4337804914,-24.2763767242,-5907417.0,0.0
0.4350600541,-24.2123985291,-5919808.0,0.0
0.4363396168,-24.1484203339,-5932487.0,0.0
0.4376191795,-24.0844421387,-5945205.0,0.0
0.4388987422,-24.0204639435,-5958335.0,0.0
0.4401783049,-23.9564857483,-5971877.0,0.0
0.4414578676,-23.8925075531,-5985410.0,0.0
0.4427374303,-23.8285293579,-5999478.0,0.0
0.444016993,-23.7645511627,-6013904.0,0.0
0.4452965558,-23.7005729675,-6028329.0,0.0
0.4465761185,-23.6365947723,-6042750.0,0.0
0.4478556812,-23.5726165771,-6057418.0,0.0
0.4491352439,-23.508638382,-6071537.0,0.0
0.4504148066,-23.4446601868,-6084009.0,0.0
0.4516943693,-23.3806819916,-6096332.0,0.0
0.452973932,-23.3167037964,-6110844.0,0.0
0.4542534947,-23.2527256012,-6124570.0,0.0
0.4555330575,-23.188747406,-6138433.0,0.0
0.4568126202,-23.1247692108,-6152157.0,0.0
0.4580921829,-23.0607910156,-6165089.0,0.0
0.4593717456,-22.9968128204,-6177957.0,0.0
0.4606513083,-22.9328346252,-6190469.0,0.0
0.461930871,-22.8688564301,-6202416.0,0.0
0.4632104635,-22.8048782349,-6214238.0,0.0
0.4644900262,-22.7409000397,-6225739.0,0.0
0.4657695889,-22.6769218445,-6237141.0,0.0
0.4670491517,-22.6129436493,-6248221.0,0.0
0.4683287144,-22.5489654541,-6259372.0,0.0
0.4696082771,-22.4849872589,-6270449.0,0.0
0.4708878398,-22.4210090637,-6281357.0,0.0
0.4721674025,-22.3570308685,-6292307.0,0.0
0.4734469652,-22.2930526733,-6303094.0,0.0
0.4747265279,-22.2290744781,-6314015.0,0.0
0.4760060906,-22.165096283,-6325080.0,0.0
0.4772856534,-22.1011180878,-6336084.0,0.0
0.4785652161,-22.0371398926,-6347343.0,0.0
0.4798447788,-21.9731616974,-6358671.0,0.0
0.4811243415,-21.9091835022,-6369397.0,0.0
0.4824039042,-21.845205307,-6378801.0,0.0
0.4836834669,-21.7812271118,-6390397.0,0.0
0.4849630296,-21.7172489166,-6402721.0,0.0
0.4862425923,-21.6532707214,-6415119.0,0.0
0.487522155,-21.5892925262,-6428095.0,0.0
0.4888017178,-21.5253143311,-6441066.0,0.0
0.4900812805,-21.4613361359,-6454266.0,0.0
0.4913608432,-21.3973579407,-6467936.0,0.0
0.4926404059,-21.3333797455,-6481475.0,0.0
0.4939199686,-21.2694015503,-6495048.0,0.0
0.4951995611,-21.2054233551,-6508510.0,0.0
0.4964791238,-21.1414451599,-6522167.0,0.0
0.4977586865,-21.0774669647,-6535865.0,0.0
0.4990382493,-21.0134887695,-6549687.0,0.0
0.500317812,-20.9495105743,-6563869.0,0.0
0.5015973449,-20.8855323792,-6577773.0,0.0
0.5028769374,-20.821554184,-6591895.0,0.0
0.5041564703,-20.7575759888,-6605870.0,0.0
0.5054360628,-20.6935977936,-6619889.0,0.0
0.5067155957,-20.6296195984,-6633680.0,0.0
0.5079951882,-20.5656414032,-6647403.0,0.0
0.5092747211,-20.501663208,-6661159.0,0.0
0.5105543137,-20.4376850128,-6674644.0,0.0
0.5118339062,-20.3737068176,-6687359.0,0.0
0.5131134391,-20.3097286224,-6698834.0,0.0
0.5143930316,-20.2457504272,-6709339.0,0.0
0.5156725645,-20.1817722321,-6722047.0,0.0
0.516952157,-20.1177940369,-6733951.0,0.0
0.5182316899,-20.0538158417,-6746204.0,0.0
0.5195112824,-19.9898376465,-6758080.0,0.0
0.5207908154,-19.9258594513,-6769419.0,0.0
0.5220704079,-19.8618812561,-6780712.0,0.0
0.5233499408,-19.7979030609,-6791799.0,0.0
0.5246295333,-19.7339248657,-6802354.0,0.0
0.5259090662,-19.6699466705,-6813112.0,0.0
0.5271886587,-19.6059684753,-6823444.0,0.0
0.5284681916,-19.5419902802,-6834023.0,0.0
0.5297477841,-19.478012085,-6844287.0,0.0
0.531027317,-19.4140338898,-6854693.0,0.0
0.5323069096,-19.3500556946,-6865069.0,0.0
0.5335864425,-19.2860774994,-6875545.0,0.0
0.534866035,-19.2220993042,-6886178.0,0.0
0.5361455679,-19.158121109,-6897083.0,0.0
0.5374251604,-19.0941429138,-6908119.0,0.0
0.5387046933,-19.0301647186,-6919557.0,0.0
0.5399842858,-18.9661865234,-6931198.0,0.0
0.5412638187,-18.9022083282,-6943172.0,0.0
0.5425434113,-18.8382301331,-6955158.0,0.0
0.5438230038,-18.7742519379,-6967210.0,0.0
0.5451025367,-18.7102737427,-6977371.0,0.0
0.5463821292,-18.6462955475,-6989696.0,0.0
0.5476616621,-18.5823173523,-7003291.0,0.0
0.5489412546,-18.5183391571,-7017021.0,0.0
0.5502207875,-18.4543609619,-7031056.0,0.0
0.55150038,-18.3903827667,-7045234.0,0.0
0.5527799129,-18.3264045715,-7059373.0,0.0
0.5540595055,-18.2624263763,-7074285.0,0.0
0.5553390384,-18.1984481812,-7088115.0,0.0
0.5566186309,-18.134469986,-7102445.0,0.0
0.5578981638,-18.0704917908,-7116328.0,0.0
0.5591777563,-18.0065135956,-7129993.0,0.0
0.5604572892,-17.9425354004,-7143624.0,0.0
0.5617368817,-17.8785572052,-7157192.0,0.0
0.5630164146,-17.81457901,-7170358.0,0.0
0.5642960072,-17.7506008148,-7183371.0,0.0
0.5655755401,-17.6866226196,-7196106.0,0.0
0.5668551326,-17.6226444244,-7208732.0,0.0
0.5681346655,-17.5586662292,-7221163.0,0.0
0.569414258,-17.4946880341,-7233470.0,0.0
0.5706937909,-17.4307098389,-7245690.0,0.0
0.5719733834,-17.3667316437,-7257842.0,0.0
0.5732529163,-17.3027534485,-7269864.0,0.0
0.5745325089,-17.2387752533,-7281653.0,0.0
0.5758121014,-17.1747970581,-7292326.0,0.0
0.5770916343,-17.1108188629,-7302070.0,0.0
0.5783712268,-17.0468406677,-7313887.0,0.0
0.5796507597,-16.9828624725,-7325601.0,0.0
0.5809303522,-16.9188842773,-7337746.0,0.0
0.5822098851,-16.8549060822,-7349707.0,0.0
0.5834894776,-16.790927887,-7361519.0,0.0
0.5847690105,-16.7269496918,-7373420.0,0.0
0.5860486031,-16.6629714966,-7385123.0,0.0
0.587328136,-16.5989933014,-7396878.0,0.0
0.5886077285,-16.5350151062,-7408555.0,0.0
0.5898872614,-16.471036911,-7420101.0,0.0
0.5911668539,-16.4070587158,-7431719.0,0.0
0.5924463868,-16.3430805206,-7443529.0,0.0
0.5937259793,-16.2791023254,-7455252.0,0.0
0.5950055122,-16.2151241302,-7467424.0,0.0
0.5962851048,-16.1511459351,-7479364.0,0.0
0.5975646377,-16.0871677399,-7491796.0,0.0
0.5988442302,-16.0231895447,-7504238.0,0.0
0.6001237631,-15.9592113495,-7517009.0,0.0
0.6014033556,-15.8952331543,-7529929.0,0.0
0.6026828885,-15.8312549591,-7543106.0,0.0
0.603962481,-15.7672767639,-7556178.0,0.0
0.6052420139,-15.7032985687,-7569569.0,0.0
0.6065216064,-15.6393203735,-7581820.0,0.0
0.607801199,-15.5753421783,-7593378.0,0.0
0.6090807319,-15.5113639832,-7605654.0,0.0
0.6103603244,-15.447385788,-7619604.0,0.0
0.6116398573,-15.3834075928,-7632872.0,0.0
0.6129194498,-15.3194293976,-7646699.0,0.0
0.6141989827,-15.2554512024,-7660261.0,0.0
0.6154785752,-15.1914730072,-7673757.0,0.0
0.6167581081,-15.127494812,-7686853.0,0.0
0.6180377007,-15.0635166168,-7699916.0,0.0
0.6193172336,-14.9995384216,-7712778.0,0.0
0.6205968261,-14.9355602264,-7725517.0,0.0
0.621876359,-14.8715820312,-7737962.0,0.0
0.6231559515,-14.8076038361,-7751197.0,0.0
0.6244354844,-14.7436256409,-7763065.0,0.0
0.6257150769,-14.6796474457,-7775575.0,0.0
0.6269946098,-14.6156692505,-7787555.0,0.0
0.6282742023,-14.5516910553,-7799872.0,0.0
0.6295537353,-14.4877128601,-7811704.0,0.0
0.6308333278,-14.4237346649,-7823537.0,0.0
0.6321128607,-14.3597564697,-7835175.0,0.0
0.6333924532,-14.2957782745,-7846615.0,0.0
0.6346719861,-14.2318000793,-7857857.0,0.0
0.6359515786,-14.1678218842,-7869178.0,0.0
0.6372311115,-14.103843689,-7880093.0,0.0
0.638510704,-14.0398654938,-7890529.0,0.0
0.6397902966,-13.9758872986,-7899537.0,0.0
0.6410697699,-13.9119091034,-7911126.0,0.0
0.642349422,-13.8479309082,-7922519.0,0.0
0.6436290145,-13.783952713,-7934587.0,0.0
0.6449085474,-13.7199745178,-7946859.0,0.0
0.6461880207,-13.6559963226,-7959598.0,0.0
0.6474676728,-13.5920181274,-7972363.0,0.0
0.6487472653,-13.5280399323,-7985734.0,0.0
0.6500267982,-13.4640617371,-7999143.0,0.0
0.6513063312,-13.4000835419,-8013011.0,0.0
0.6525859237,-13.3361053467,-8026818.0,0.0
0.6538655162,-13.2721271515,-8041513.0,0.0
0.6551450491,-13.2081489563,-8056590.0,0.0
0.656424582,-13.1441707611,-8072155.0,0.0
0.6577041745,-13.0801925659,-8087713.0,0.0
0.658983767,-13.0162143707,-8104021.0,0.0
0.6602632999,-12.9522361755,-8120246.0,0.0
0.6615428329,-12.8882579803,-8136966.0,0.0
0.6628224254,-12.8242797852,-8153811.0,0.0
0.6641020179,-12.76030159,-8170508.0,0.0
0.6653815508,-12.6963233948,-8187023.0,0.0
0.6666610837,-12.6323451996,-8203362.0,0.0
0.6679406762,-12.5683670044,-8219050.0,0.0
0.6692202687,-12.5043888092,-8233593.0,0.0
0.6704998016,-12.440410614,-8246208.0,0.0
0.6717793345,-12.3764324188,-8259419.0,0.0
0.6730589271,-12.3124542236,-8273697.0,0.0
0.6743385196,-12.2484760284,-8287203.0,0.0
0.6756180525,-12.1844978333,-8300699.0,0.0
0.6768975854,-12.1205196381,-8314153.0,0.0
0.6781771779,-12.0565414429,-8326759.0,0.0
0.6794567704,-11.9925632477,-8339590.0,0.0
0.6807363033,-11.9285850525,-8352060.0,0.0
0.6820158362,-11.8646068573,-8364256.0,0.0
0.6832954288,-11.8006286621,-8376373.0,0.0
0.6845750213,-11.7366504669,-8388514.0,0.0
0.6858545542,-11.6726722717,-8400778.0,0.0
0.6871340871,-11.6086940765,-8413312.0,0.0
0.6884136796,-11.5447158813,-8425667.0,0.0
0.6896932721,-11.4807376862,-8438487.0,0.0
0.690972805,-11.416759491,-8451322.0,0.0
0.6922523379,-11.3527812958,-8464797.0,0.0
0.6935319304,-11.2888031006,-8478223.0,0.0
0.6948115826,-11.2248249054,-8492200.0,0.0
0.6960910559,-11.1608467102,-8506260.0,0.0
0.6973705888,-11.096868515,-8520990.0,0.0
0.6986501813,-11.0328903198,-8536094.0,0.0
0.6999298334,-10.9689121246,-8551234.0,0.0
0.7012093067,-10.9049339294,-8565971.0,0.0
0.7024888396,-10.8409557343,-8578988.0,0.0
0.7037684917,-10.7769775391,-8594893.0,0.0
0.7050480843,-10.7129993439,-8611675.0,0.0
0.7063276172,-10.6490211487,-8628022.0,0.0
0.7076070905,-10.5850429535,-8644981.0,0.0
0.7088867426,-10.5210647583,-8660913.0,0.0
0.7101663351,-10.4570865631,-8676634.0,0.0
0.711445868,-10.3931083679,-8692030.0,0.0
0.7127254009,-10.3291301727,-8706532.0,0.0
0.7140049934,-10.2651519775,-8720650.0,0.0
0.715284586,-10.2011737823,-8734266.0,0.0
0.7165641189,-10.1371955872,-8747251.0,0.0
0.7178436518,-10.073217392,-8760169.0,0.0
0.7191232443,-10.0092391968,-8772411.0,0.0
0.7204028368,-9.9452610016,-8784778.0,0.0
0.7216823697,-9.8812828064,-8796571.0,0.0
0.7229619026,-9.8173046112,-8808247.0,0.0
0.7242414951,-9.753326416,-8819527.0,0.0
0.7255210876,-9.6893482208,-8830933.0,0.0
0.7268006206,-9.6253700256,-8841845.0,0.0
0.7280801535,-9.5613918304,-8852980.0,0.0
0.729359746,-9.4974136353,-8863817.0,0.0
0.7306393385,-9.4334354401,-8874615.0,0.0
0.7319188714,-9.3694572449,-8884832.0,0.0
0.7331984043,-9.3054790497,-8893854.0,0.0
0.7344779968,-9.2415008545,-8902924.0,0.0
0.7357575893,-9.1775226593,-8913531.0,0.0
0.7370371222,-9.1135444641,-8923625.0,0.0
0.7383166552,-9.0495662689,-8934204.0,0.0
0.7395962477,-8.9855880737,-8944755.0,0.0
0.7408758402,-8.9216098785,-8955371.0,0.0
0.7421553731,-8.8576316833,-8966172.0,0.0
0.743434906,-8.7936534882,-8977304.0,0.0
0.7447144985,-8.729675293,-8988221.0,0.0
0.745994091,-8.6656970978,-8999639.0,0.0
0.7472736239,-8.6017189026,-9011099.0,0.0
0.7485531569,-8.5377407074,-9023030.0,0.0
0.7498327494,-8.4737625122,-9034847.0,0.0
0.7511123419,-8.409784317,-9047346.0,0.0
0.7523918748,-8.3458061218,-9059698.0,0.0
0.7536714077,-8.2818279266,-9072562.0,0.0
0.7549510002,-8.2178497314,-9085560.0,0.0
0.7562305927,-8.1538715363,-9098764.0,0.0
0.7575101256,-8.0898933411,-9112073.0,0.0
0.7587896585,-8.0259151459,-9125714.0,0.0
0.7600692511,-7.9619369507,-9139550.0,0.0
0.7613489032,-7.8979587555,-9153465.0,0.0
0.7626283765,-7.8339805603,-9167536.0,0.0
0.7639079094,-7.7700023651,-9181305.0,0.0
0.7651875019,-7.7060241699,-9192810.0,0.0
0.766467154,-7.6420459747,-9206985.0,0.0
0.7677466869,-7.5780677795,-9221349.0,0.0
0.7690261602,-7.5140895844,-9235786.0,0.0
0.7703058124,-7.4501113892,-9249921.0,0.0
0.7715854049,-7.386133194,-9264026.0,0.0
0.7728649378,-7.3221549988,-9277340.0,0.0
0.7741444111,-7.2581768036,-9290853.0,0.0
0.7754240632,-7.1941986084,-9303446.0,0.0
0.7767036557,-7.1302204132,-9316224.0,0.0
0.7779831886,-7.066242218,-9328241.0,0.0
0.7792627215,-7.0022640228,-9340094.0,0.0
0.7805423141,-6.9382858276,-9351798.0,0.0
0.7818219066,-6.8743076324,-9363176.0,0.0
0.7831014395,-6.8103294373,-9374502.0,0.0
0.7843809724,-6.7463512421,-9385580.0,0.0
0.7856605649,-6.6823730469,-9396510.0,0.0
0.7869401574,-6.6183948517,-9407554.0,0.0
0.7882196903,-6.5544166565,-9418128.0,0.0
0.7894992232,-6.4904384613,-9429055.0,0.0
0.7907788157,-6.4264602661,-9440111.0,0.0
0.7920584083,-6.3624820709,-9450881.0,0.0
0.7933379412,-6.2985038757,-9461648.0,0.0
0.7946174741,-6.2345256805,-9472397.0,0.0
0.7958970666,-6.1705474854,-9481631.0,0.0
0.7971766591,-6.1065692902,-9491070.0,0.0
0.798456192,-6.042591095,-9502373.0,0.0
0.7997357249,-5.9786128998,-9513447.0,0.0
0.8010153174,-5.9146347046,-9524940.0,0.0
0.80229491,-5.8506565094,-9536885.0,0.0
0.8035744429,-5.7866783142,-9548691.0,0.0
0.8048539758,-5.722700119,-9560929.0,0.0
0.8061335683,-5.6587219238,-9573411.0,0.0
0.8074131608,-5.5947437286,-9586059.0,0.0
0.8086926937,-5.5307655334,-9598628.0,0.0
0.8099722266,-5.4667873383,-9611435.0,0.0
0.8112518191,-5.4028091431,-9624350.0,0.0
0.8125314116,-5.3388309479,-9637708.0,0.0
0.8138109446,-5.2748527527,-9650857.0,0.0
0.8150904775,-5.2108745575,-9664085.0,0.0
0.81637007,-5.1468963623,-9677341.0,0.0
0.8176496625,-5.0829181671,-9690473.0,0.0
0.8189291954,-5.0189399719,-9703691.0,0.0
0.8202087283,-4.9549617767,-9717253.0,0.0
0.8214883208,-4.8909835815,-9730527.0,0.0
0.8227679729,-4.8270053864,-9744058.0,0.0
0.8240474463,-4.7630271912,-9757401.0,0.0
0.8253269792,-4.699048996,-9770771.0,0.0
0.8266065717,-4.6350708008,-9783472.0,0.0
0.8278862238,-4.5710926056,-9793999.0,0.0
0.8291656971,-4.5071144104,-9806376.0,0.0
0.83044523,-4.4431362152,-9819587.0,0.0
0.8317248821,-4.37915802,-9832121.0,0.0
0.8330044746,-4.3151798248,-9845022.0,0.0
0.8342840075,-4.2512016296,-9857780.0,0.0
0.8355634809,-4.1872234344,-9869588.0,0.0
0.836843133,-4.1232452393,-9881324.0,0.0
0.8381227255,-4.0592670441,-9892616.0,0.0
0.8394022584,-3.9952886105,-9903758.0,0.0
0.8406818509,-3.9313101768,-9914614.0,0.0
0.8419613838,-3.8673317432,-9925004.0,0.0
0.8432409763,-3.8033533096,-9935470.0,0.0
0.8445205092,-3.739374876,-9945512.0,0.0
0.8458001018,-3.6753964424,-9955745.0,0.0
0.8470796347,-3.6114180088,-9965714.0,0.0
0.8483592272,-3.5474395752,-9975706.0,0.0
0.8496388197,-3.4834611416,-9985610.0,0.0
0.8509183526,-3.419482708,-9995717.0,0.0
0.8521979451,-3.3555042744,-10005826.0,0.0
0.853477478,-3.2915258408,-10016094.0,0.0
0.8547570705,-3.2275474072,-10026466.0,0.0
0.8560366035,-3.1635689735,-10037228.0,0.0
0.857316196,-3.0995905399,-10047738.0,0.0
0.8585957289,-3.0356121063,-10057739.0,0.0
0.8598753214,-2.9716336727,-10067279.0,0.0
0.8611549139,-2.9076552391,-10079468.0,0.0
0.8624344468,-2.8436768055,-10091446.0,0.0
0.8637140393,-2.7796983719,-10104447.0,0.0
0.8649935722,-2.7157199383,-10117871.0,0.0
0.8662731647,-2.6517415047,-10131476.0,0.0
0.8675526977,-2.5877630711,-10145842.0,0.0
0.8688323498,-2.5237846375,-10160659.0,0.0
0.8701119423,-2.4598062038,-10175417.0,0.0
0.8713914752,-2.3958277702,-10190943.0,0.0
0.8726710677,-2.3318493366,-10206063.0,0.0
0.8739506006,-2.267870903,-10221694.0,0.0
0.8752301931,-2.2038924694,-10237292.0,0.0
0.876509726,-2.1399140358,-10252824.0,0.0
0.8777893186,-2.0759356022,-10268324.0,0.0
0.8790689111,-2.0119571686,-10283594.0,0.0
0.880348444,-1.9479788542,-10298606.0,0.0
0.8816280365,-1.8840005398,-10313444.0,0.0
0.8829075694,-1.8200222254,-10327762.0,0.0
0.8841871619,-1.756043911,-10342031.0,0.0
0.8854666948,-1.6920655966,-10356067.0,0.0
0.8867462873,-1.6280872822,-10369899.0,0.0
0.8880258203,-1.5641089678,-10383437.0,0.0
0.8893054128,-1.5001306534,-10396069.0,0.0
0.8905849457,-1.436152339,-10407142.0,0.0
0.8918645382,-1.3721740246,-10419421.0,0.0
0.8931440711,-1.3081957102,-10432535.0,0.0
0.8944236636,-1.2442173958,-10445327.0,0.0
0.8957031965,-1.1802390814,-10458225.0,0.0
0.896982789,-1.116260767,-10471127.0,0.0
0.8982623219,-1.0522824526,-10483522.0,0.0
0.8995419145,-0.9883041382,-10496054.0,0.0
0.900821507,-0.9243258238,-10508265.0,0.0
0.9021010399,-0.8603475094,-10520391.0,0.0
0.9033806324,-0.796369195,-10532826.0,0.0
0.9046601653,-0.7323908806,-10545134.0,0.0
0.9059398174,-0.6684125662,-10557726.0,0.0
0.9072192907,-0.6044342518,-10570520.0,0.0
0.9084989429,-0.5404559374,-10583370.0,0.0
0.9097784162,-0.4764775932,-10596483.0,0.0
0.9110580683,-0.412499249,-10609539.0,0.0
0.9123375416,-0.3485209048,-10623007.0,0.0
0.9136171937,-0.2845425606,-10636739.0,0.0
0.9148967266,-0.2205642164,-10650060.0,0.0
0.9161763191,-0.1565858722,-10664008.0,0.0
0.917455852,-0.092607528,-10677938.0,0.0
0.9187354445,-0.0286291838,-10691773.0,0.0
0.9200150371,0.0353491604,-10705377.0,0.0
0.92129457,0.0993275046,-10718386.0,0.0
0.9225741625,0.1633058488,-10729904.0,0.0
0.9238536954,0.227284193,-10744208.0,0.0
0.9251332879,0.2912625372,-10758004.0,0.0
0.9264128208,0.3552408814,-10772137.0,0.0
0.9276924133,0.4192192256,-10786086.0,0.0
0.9289719462,0.4831975698,-10799903.0,0.0
0.9302515388,0.5471758842,-10813550.0,0.0
0.9315310717,0.6111541986,-10827074.0,0.0
0.9328106642,0.675132513,-10840046.0,0.0
0.9340901971,0.7391108274,-10853103.0,0.0
0.9353697896,0.8030891418,-10865546.0,0.0
0.9366493821,0.8670674562,-10877791.0,0.0
0.937928915,0.9310457706,-10889751.0,0.0
0.9392085075,0.995024085,-10901666.0,0.0
0.9404880404,1.0590023994,-10913457.0,0.0
0.941767633,1.1229807138,-10925290.0,0.0
0.9430471659,1.1869590282,-10936667.0,0.0
0.9443267584,1.2509373426,-10948082.0,0.0
0.9456062913,1.314915657,-10959299.0,0.0
0.9468858838,1.3788939714,-10970400.0,0.0
0.9481654167,1.4428722858,-10981339.0,0.0
0.9494450092,1.5068506002,-10992247.0,0.0
0.9507245421,1.5708289146,-11002991.0,0.0
0.9520041943,1.634807229,-11013181.0,0.0
0.9532836676,1.6987855434,-11022471.0,0.0
0.9545633197,1.7627638578,-11032241.0,0.0
0.9558429122,1.8267421722,-11043219.0,0.0
0.9571224451,1.8907204866,-11054072.0,0.0
0.9584020376,1.954698801,-11065192.0,0.0
0.9596815705,2.0186772346,-11076580.0,0.0
0.960961163,2.0826556683,-11087853.0,0.0
0.962240696,2.1466341019,-11099435.0,0.0
0.9635202885,2.2106125355,-11110824.0,0.0
0.9647998214,2.2745909691,-11122693.0,0.0
0.9660794139,2.3385694027,-11134639.0,0.0
0.9673590064,2.4025478363,-11146599.0,0.0
0.9686385393,2.4665262699,-11159000.0,0.0
0.9699181318,2.5305047035,-11171492.0,0.0
0.9711976647,2.5944831371,-11184044.0,0.0
0.9724772573,2.6584615707,-11196924.0,0.0
0.9737567902,2.7224400043,-11209964.0,0.0
0.9750363827,2.786418438,-11223597.0,0.0
0.9763159156,2.8503968716,-11237108.0,0.0
0.9775955081,2.9143753052,-11251116.0,0.0
0.9788751006,2.9783537388,-11265008.0,0.0
0.9801546335,3.0423321724,-11279421.0,0.0
0.981434226,3.106310606,-11293733.0,0.0
0.9827137589,3.1702890396,-11308103.0,0.0
0.9839933515,3.2342674732,-11321257.0,0.0
0.9852728844,3.2982459068,-11332714.0,0.0
0.9865524769,3.3622243404,-11346959.0,0.0
0.9878320098,3.426202774,-11361113.0,0.0
0.9891116619,3.4901812077,-11374914.0,0.0
0.9903912544,3.5541596413,-11388672.0,0.0
0.9916707873,3.6181380749,-11401941.0,0.0
0.9929503798,3.6821165085,-11414936.0,0.0
0.9942299128,3.7460949421,-11427691.0,0.0
0.9955095053,3.8100733757,-11440016.0,0.0
0.9967890382,3.8740518093,-11452065.0,0.0
0.9980686307,3.9380302429,-11463769.0,0.0
0.9993481636,4.0020084381,-11475310.0,0.0
1.0006277561,4.0659866333,-11486706.0,0.0
1.0019073486,4.1299648285,-11497793.0,0.0
1.0031868219,4.1939430237,-11509140.0,0.0
1.0044664145,4.2579212189,-11520052.0,0.0
1.005746007,4.3218994141,-11531472.0,0.0
1.0070255995,4.3858776093,-11542588.0,0.0
1.0083050728,4.4498558044,-11554309.0,0.0
1.0095846653,4.5138339996,-11565881.0,0.0
1.0108642578,4.5778121948,-11577959.0,0.0
1.0121438503,4.64179039,-11590106.0,0.0
1.0134234428,4.7057685852,-11602709.0,0.0
1.0147029161,4.7697467804,-11614730.0,0.0
1.0159825087,4.8337249756,-11626143.0,0.0
1.0172621012,4.8977031708,-11637346.0,0.0
1.0185416937,4.961681366,-11650829.0,0.0
1.019821167,5.0256595612,-11664030.0,0.0
1.0211007595,5.0896377563,-11678147.0,0.0
1.022380352,5.1536159515,-11692061.0,0.0
1.0236599445,5.2175941467,-11706209.0,0.0
1.0249394178,5.2815723419,-11720189.0,0.0
1.0262190104,5.3455505371,-11734254.0,0.0
1.0274986029,5.4095287323,-11747626.0,0.0
1.0287781954,5.4735069275,-11761356.0,0.0
1.0300576687,5.5374851227,-11774725.0,0.0
1.0313372612,5.6014633179,-11788284.0,0.0
1.0326168537,5.6654415131,-11801381.0,0.0
1.0338964462,5.7294197083,-11814343.0,0.0
1.0351759195,5.7933979034,-11826743.0,0.0
1.036455512,5.8573760986,-11839116.0,0.0
1.0377351046,5.9213542938,-11850859.0,0.0
1.0390146971,5.985332489,-11862873.0,0.0
1.0402941704,6.0493106842,-11874541.0,0.0
1.0415737629,6.1132888794,-11886425.0,0.0
1.0428533554,6.1772670746,-11897749.0,0.0
1.0441329479,6.2412452698,-11909204.0,0.0
1.0454124212,6.305223465,-11920188.0,0.0
1.0466920137,6.3692016602,-11930733.0,0.0
1.0479716063,6.4331798553,-11939350.0,0.0
1.0492511988,6.4971580505,-11950201.0,0.0
1.0505306721,6.5611362457,-11960947.0,0.0
1.0518102646,6.6251144409,-11972106.0,0.0
1.0530898571,6.6890926361,-11982727.0,0.0
1.0543694496,6.7530708313,-11994145.0,0.0
1.0556489229,6.8170490265,-12004539.0,0.0
1.0569285154,6.8810272217,-12015316.0,0.0
1.0582081079,6.9450054169,-12025588.0,0.0
1.0594877005,7.0089836121,-12035908.0,0.0
1.0607671738,7.0729618073,-12045846.0,0.0
1.0620467663,7.1369400024,-12055746.0,0.0
1.0633263588,7.2009181976,-12065311.0,0.0
1.0646059513,7.2648963928,-12075114.0,0.0
1.0658854246,7.328874588,-12084723.0,0.0
1.0671650171,7.3928527832,-12094419.0,0.0
1.0684447289,7.4568309784,-12104095.0,0.0
1.0697242022,7.5208091736,-12114114.0,0.0
1.0710036755,7.5847873688,-12124042.0,0.0
1.072283268,7.648765564,-12134365.0,0.0
1.0735629797,7.7127437592,-12144716.0,0.0
1.074842453,7.7767219543,-12155753.0,0.0
1.0761219263,7.8407001495,-12166755.0,0.0
1.077401638,7.9046783447,-12178135.0,0.0
1.0786812305,7.9686565399,-12188248.0,0.0
1.0799607038,8.0326347351,-12198752.0,0.0
1.0812401772,8.0966129303,-12211150.0,0.0
1.0825198889,8.1605911255,-12224046.0,0.0
1.0837994814,8.2245693207,-12237266.0,0.0
1.0850789547,8.2885475159,-12251189.0,0.0
1.0863585472,8.3525257111,-12264853.0,0.0
1.0876381397,8.4165039062,-12278996.0,0.0
1.0889177322,8.4804821014,-12293160.0,0.0
1.0901972055,8.5444602966,-12307193.0,0.0
1.0914767981,8.6084384918,-12320909.0,0.0
1.0927563906,8.672416687,-12334711.0,0.0
1.0940359831,8.7363948822,-12348312.0,0.0
1.0953154564,8.8003730774,-12362125.0,0.0
1.0965950489,8.8643512726,-12375717.0,0.0
1.0978746414,8.9283294678,-12389387.0,0.0
1.0991542339,8.992307663,-12402673.0,0.0
1.1004337072,9.0562858582,-12416297.0,0.0
1.1017132998,9.1202640533,-12429243.0,0.0
1.1029928923,9.1842422485,-12442125.0,0.0
1.1042724848,9.2482204437,-12454545.0,0.0
1.1055519581,9.3121986389,-12467199.0,0.0
1.1068315506,9.3761768341,-12479301.0,0.0
1.1081111431,9.4401550293,-12491252.0,0.0
1.1093907356,9.5041332245,-12502458.0,0.0
1.1106702089,9.5681114197,-12511838.0,0.0
1.1119498014,9.6320896149,-12516986.0,0.0
1.113229394,9.6960678101,-12517787.0,0.0
1.1145089865,9.7600460052,-12513617.0,0.0
1.1157884598,9.8240242004,-12513344.0,0.0
1.1170680523,9.8880023956,-12511574.0,0.0
1.1183476448,9.9519805908,-12511291.0,0.0
1.1196272373,10.015958786,-12510637.0,0.0
1.1209067106,10.0799369812,-12512558.0,0.0
1.1221863031,10.1439151764,-12514368.0,0.0
1.1234658957,10.2078933716,-12516627.0,0.0
1.1247454882,10.2718715668,-12518869.0,0.0
1.1260249615,10.335849762,-12520762.0,0.0
1.127304554,10.3998279572,-12521373.0,0.0
1.1285841465,10.4638061523,-12521548.0,0.0
1.129863739,10.5277843475,-12522113.0,0.0
1.1311432123,10.5917625427,-12522190.0,0.0
1.1324228048,10.6557407379,-12522671.0,0.0
1.1337023973,10.7197189331,-12522939.0,0.0
1.1349819899,10.7836971283,-12523104.0,0.0
1.1362614632,10.8476753235,-12523299.0,0.0
1.1375410557,10.9116535187,-12523549.0,0.0
1.1388206482,10.9756317139,-12523292.0,0.0
1.1401002407,11.0396099091,-12523469.0,0.0
1.1413798332,11.1035881042,-12523340.0,0.0
1.1426593065,11.1675662994,-12523561.0,0.0
1.143938899,11.2315444946,-12523970.0,0.0
1.1452184916,11.2955226898,-12524084.0,0.0
1.1464980841,11.359500885,-12524141.0,0.0
1.1477775574,11.4234790802,-12523898.0,0.0
1.1490571499,11.4874572754,-12524013.0,0.0
1.1503367424,11.5514354706,-12523952.0,0.0
1.1516163349,11.6154136658,-12524005.0,0.0
1.1528958082,11.679391861,-12523839.0,0.0
1.1541754007,11.7433700562,-12524019.0,0.0
1.1554549932,11.8073482513,-12524018.0,0.0
1.1567345858,11.8713264465,-12524218.0,0.0
1.1580140591,11.9353046417,-12524042.0,0.0
1.1592936516,11.9992828369,-12523955.0,0.0
1.1605732441,12.0632610321,-12523785.0,0.0
1.1618528366,12.1272392273,-12523639.0,0.0
1.1631323099,12.1912174225,-12523557.0,0.0
1.1644119024,12.2551956177,-12523468.0,0.0
1.1656914949,12.3191738129,-12523465.0,0.0
1.1669710875,12.3831520081,-12523578.0,0.0
1.1682505608,12.4471302032,-12523658.0,0.0
1.1695301533,12.5111083984,-12523596.0,0.0
1.1708097458,12.5750865936,-12523582.0,0.0
1.1720893383,12.6390647888,-12523535.0,0.0
1.1733688116,12.703042984,-12523280.0,0.0
1.1746484041,12.7670211792,-12523319.0,0.0
1.1759279966,12.8309993744,-12523210.0,0.0
1.1772075891,12.8949775696,-12523289.0,0.0
1.1784870625,12.9589557648,-12523248.0,0.0
1.179766655,13.02293396,-12523386.0,0.0
1.1810462475,13.0869121552,-12523242.0,0.0
1.18232584,13.1508903503,-12523203.0,0.0
1.1836053133,13.2148685455,-12523144.0,0.0
1.1848849058,13.2788467407,-12522943.0,0.0
1.1861644983,13.3428249359,-12522955.0,0.0
1.1874440908,13.4068031311,-12522947.0,0.0
1.1887235641,13.4707813263,-12522866.0,0.0
1.1900031567,13.5347595215,-12523038.0,0.0
1.1912827492,13.5987377167,-12523008.0,0.0
1.1925623417,13.6627159119,-12523120.0,0.0
1.193841815,13.7266941071,-12523083.0,0.0
1.1951214075,13.7906723022,-12523031.0,0.0
1.1964011192,13.8546504974,-12522920.0,0.0
1.1976805925,13.9186286926,-12522945.0,0.0
1.1989600658,13.9826068878,-12522840.0,0.0
1.2002396584,14.046585083,-12522829.0,0.0
1.2015193701,14.1105632782,-12522920.0,0.0
1.2027988434,14.1745414734,-12522791.0,0.0
1.2040783167,14.2385196686,-12522747.0,0.0
1.2053580284,14.3024978638,-12522826.0,0.0
1.2066376209,14.366476059,-12522802.0,0.0
1.2079170942,14.4304542542,-12522523.0,0.0
1.2091965675,14.4944324493,-12522452.0,0.0
1.2104762793,14.5584106445,-12522223.0,0.0
1.2117558718,14.6223888397,-12522254.0,0.0
1.2130353451,14.6863670349,-12522280.0,0.0
1.2143149376,14.7503452301,-12522547.0,0.0
1.2155945301,14.8143234253,-12522598.0,0.0
1.2168741226,14.8783016205,-12522747.0,0.0
1.2181535959,14.9422798157,-12522493.0,0.0
1.2194331884,15.0062580109,-12522313.0,0.0
1.220712781,15.0702362061,-12521990.0,0.0
1.2219923735,15.1342144012,-12521797.0,0.0
1.2232718468,15.1981925964,-12521671.0,0.0
1.2245514393,15.2621707916,-12521692.0,0.0
1.2258310318,15.3261489868,-12521679.0,0.0
1.2271106243,15.390127182,-12521809.0,0.0
1.2283900976,15.4541053772,-12521871.0,0.0
1.2296696901,15.5180835724,-12521776.0,0.0
1.2309492826,15.5820617676,-12521854.0,0.0
1.2322288752,15.6460399628,-12521750.0,0.0
1.2335083485,15.710018158,-12521665.0,0.0
1.234787941,15.7739963531,-12521782.0,0.0
1.2360675335,15.8379745483,-12521629.0,0.0
1.237347126,15.9019527435,-12521787.0,0.0
1.2386265993,15.9659309387,-12521873.0,0.0
1.2399061918,16.0299091339,-12521915.0,0.0
1.2411857843,16.0938873291,-12521881.0,0.0
1.2424653769,16.1578655243,-12521984.0,0.0
1.2437448502,16.2218437195,-12521687.0,0.0
1.2450244427,16.2858219147,-12521745.0,0.0
1.2463040352,16.3498001099,-12521687.0,0.0
1.2475836277,16.4137783051,-12521618.0,0.0
1.248863101,16.4777565002,-12521604.0,0.0
1.2501426935,16.5417346954,-12521783.0,0.0
1.251422286,16.6057128906,-12521698.0,0.0
1.2527018785,16.6696910858,-12521734.0,0.0
1.2539813519,16.733669281,-12521637.0,0.0
1.2552609444,16.7976474762,-12521739.0,0.0
1.2565405369,16.8616256714,-12521643.0,0.0
1.2578201294,16.9256038666,-12521775.0,0.0
1.2590996027,16.9895820618,-12521423.0,0.0
1.2603791952,17.053560257,-12521395.0,0.0
1.2616587877,17.1175384521,-12521256.0,0.0
1.2629383802,17.1815166473,-12521188.0,0.0
1.2642178535,17.2454948425,-12521136.0,0.0
1.2654974461,17.3094730377,-12520982.0,0.0
1.2667770386,17.3734512329,-12520732.0,0.0
1.2680566311,17.4374294281,-12520661.0,0.0
1.2693362236,17.5014076233,-12520458.0,0.0
1.2706156969,17.5653858185,-12520201.0,0.0
1.2718952894,17.6293640137,-12519918.0,0.0
1.2731748819,17.6933422089,-12519866.0,0.0
1.2744544744,17.7573204041,-12519708.0,0.0
1.2757339478,17.8212985992,-12519703.0,0.0
1.2770135403,17.8852767944,-12519569.0,0.0
1.2782931328,17.9492549896,-12519668.0,0.0
1.2795727253,18.0132331848,-12519249.0,0.0
1.2808521986,18.07721138,-12518982.0,0.0
1.2821317911,18.1411895752,-12518723.0,0.0
1.2834113836,18.2051677704,-12518655.0,0.0
1.2846908569,18.2691459656,-12518501.0,0.0
1.2859704494,18.3331241608,-12518452.0,0.0
1.287250042,18.397102356,-12518483.0,0.0
1.2885296345,18.4610805511,-12518496.0,0.0
1.289809227,18.5250587463,-12518421.0,0.0
1.2910887003,18.5890369415,-12518354.0,0.0
1.2923682928,18.6530151367,-12517909.0,0.0
1.2936478853,18.7169933319,-12517751.0,0.0
1.2949273586,18.7809715271,-12517470.0,0.0
1.2962069511,18.8449497223,-12517421.0,0.0
1.2974865437,18.9089279175,-12517282.0,0.0
1.2987661362,18.9729061127,-12517248.0,0.0
1.3000457287,19.0368843079,-12517285.0,0.0
1.301325202,19.1008625031,-12517155.0,0.0
1.3026047945,19.1648406982,-12516920.0,0.0
1.303884387,19.2288188934,-12516621.0,0.0
1.3051638603,19.2927970886,-12516345.0,0.0
1.3064434528,19.3567752838,-12516289.0,0.0
1.3077230453,19.420753479,-12516095.0,0.0
1.3090026379,19.4847316742,-12516098.0,0.0
1.3090026379,19.4847316742,-12516156.0,0.0
1.3077230453,19.420753479,-12514585.0,0.0
1.3064434528,19.3567752838,-12512145.0,0.0
1.3051638603,19.2927970886,-12507851.0,0.0
1.303884387,19.2288188934,-12502385.0,0.0
1.3026047945,19.1648406982,-12494985.0,0.0
1.301325202,19.1008625031,-12484632.0,0.0
1.3000457287,19.0368843079,-12474329.0,0.0
1.2987661362,18.9729061127,-12463771.0,0.0
1.2974865437,18.9089279175,-12451596.0,0.0
1.2962069511,18.8449497223,-12440215.0,0.0
1.2949273586,18.7809715271,-12428374.0,0.0
1.2936478853,18.7169933319,-12417755.0,0.0
1.2923682928,18.6530151367,-12405339.0,0.0
1.2910887003,18.5890369415,-12391549.0,0.0
1.289809227,18.5250587463,-12377706.0,0.0
1.2885296345,18.4610805511,-12363463.0,0.0
1.287250042,18.397102356,-12348475.0,0.0
1.2859704494,18.3331241608,-12334489.0,0.0
1.2846908569,18.2691459656,-12319749.0,0.0
1.2834113836,18.2051677704,-12305786.0,0.0
1.2821317911,18.1411895752,-12291573.0,0.0
1.2808521986,18.07721138,-12278123.0,0.0
1.2795727253,18.0132331848,-12264628.0,0.0
1.2782931328,17.9492549896,-12251575.0,0.0
1.2770135403,17.8852767944,-12238738.0,0.0
1.2757339478,17.8212985992,-12226498.0,0.0
1.2744544744,17.7573204041,-12214191.0,0.0
1.2731748819,17.6933422089,-12202433.0,0.0
1.2718952894,17.6293640137,-12190479.0,0.0
1.2706156969,17.5653858185,-12178994.0,0.0
1.2693362236,17.5014076233,-12167437.0,0.0
1.2680566311,17.4374294281,-12156173.0,0.0
1.2667770386,17.3734512329,-12144680.0,0.0
1.2654974461,17.3094730377,-12133650.0,0.0
1.2642178535,17.2454948425,-12122615.0,0.0
1.2629383802,17.1815166473,-12112551.0,0.0
1.2616587877,17.1175384521,-12103699.0,0.0
1.2603791952,17.053560257,-12093056.0,0.0
1.2590996027,16.9895820618,-12082317.0,0.0
1.2578201294,16.9256038666,-12071747.0,0.0
1.2565405369,16.8616256714,-12060865.0,0.0
1.2552609444,16.7976474762,-12050345.0,0.0
1.2539813519,16.733669281,-12039752.0,0.0
1.2527018785,16.6696910858,-12029414.0,0.0
1.251422286,16.6057128906,-12018915.0,0.0
1.2501426935,16.5417346954,-12008587.0,0.0
1.248863101,16.4777565002,-11997990.0,0.0
1.2475836277,16.4137783051,-11987483.0,0.0
1.2463040352,16.3498001099,-11976705.0,0.0
1.2450244427,16.2858219147,-11966121.0,0.0
1.2437448502,16.2218437195,-11955011.0,0.0
1.2424653769,16.1578655243,-11944045.0,0.0
1.2411857843,16.0938873291,-11932419.0,0.0
1.2399061918,16.0299091339,-11921030.0,0.0
1.2386265993,15.9659309387,-11909003.0,0.0
1.237347126,15.9019527435,-11897312.0,0.0
1.2360675335,15.8379745483,-11885097.0,0.0
1.234787941,15.7739963531,-11872968.0,0.0
1.2335083485,15.710018158,-11860172.0,0.0
1.2322288752,15.6460399628,-11848484.0,0.0
1.2309492826,15.5820617676,-11837597.0,0.0
1.2296696901,15.5180835724,-11825576.0,0.0
1.2283900976,15.4541053772,-11812259.0,0.0
1.2271106243,15.390127182,-11798949.0,0.0
1.2258310318,15.3261489868,-11785427.0,0.0
1.2245514393,15.2621707916,-11771992.0,0.0
1.2232718468,15.1981925964,-11758958.0,0.0
1.2219923735,15.1342144012,-11745341.0,0.0
1.220712781,15.0702362061,-11732271.0,0.0
1.2194331884,15.0062580109,-11719699.0,0.0
1.2181535959,14.9422798157,-11706801.0,0.0
1.2168741226,14.8783016205,-11694425.0,0.0
1.2155945301,14.8143234253,-11681771.0,0.0
1.2143149376,14.7503452301,-11669660.0,0.0
1.2130353451,14.6863670349,-11657465.0,0.0
1.2117558718,14.6223888397,-11645456.0,0.0
1.2104762793,14.5584106445,-11633374.0,0.0
1.2091965675,14.4944324493,-11621394.0,0.0
1.2079170942,14.4304542542,-11609315.0,0.0
1.2066376209,14.366476059,-11597285.0,0.0
1.2053580284,14.3024978638,-11585128.0,0.0
1.2040783167,14.2385196686,-11573087.0,0.0
1.2027988434,14.1745414734,-11560883.0,0.0
1.2015193701,14.1105632782,-11548991.0,0.0
1.2002396584,14.046585083,-11537613.0,0.0
1.1989600658,13.9826068878,-11527935.0,0.0
1.1976805925,13.9186286926,-11515801.0,0.0
1.1964011192,13.8546504974,-11503781.0,0.0
1.1951214075,13.7906723022,-11491258.0,0.0
1.193841815,13.7266941071,-11478884.0,0.0
1.1925623417,13.6627159119,-11466177.0,0.0
1.1912827492,13.5987377167,-11453627.0,0.0
1.1900031567,13.5347595215,-11440600.0,0.0
1.1887235641,13.4707813263,-11428022.0,0.0
1.1874440908,13.4068031311,-11414565.0,0.0
1.1861644983,13.3428249359,-11401262.0,0.0
1.1848849058,13.2788467407,-11387892.0,0.0
1.1836053133,13.2148685455,-11374066.0,0.0
1.18232584,13.1508903503,-11360249.0,0.0
1.1810462475,13.0869121552,-11346327.0,0.0
1.179766655,13.02293396,-11332057.0,0.0
1.1784870625,12.9589557648,-11317662.0,0.0
1.1772075891,12.8949775696,-11303205.0,0.0
1.1759279966,12.8309993744,-11288551.0,0.0
1.1746484041,12.7670211792,-11273719.0,0.0
1.1733688116,12.703042984,-11258948.0,0.0
1.1720893383,12.6390647888,-11244192.0,0.0
1.1708097458,12.5750865936,-11229686.0,0.0
1.1695301533,12.5111083984,-11215558.0,0.0
1.1682505608,12.4471302032,-11203244.0,0.0
1.1669710875,12.3831520081,-11190818.0,0.0
1.1656914949,12.3191738129,-11176919.0,0.0
1.1644119024,12.2551956177,-11163805.0,0.0
1.1631323099,12.1912174225,-11151038.0,0.0
1.1618528366,12.1272392273,-11138391.0,0.0
1.1605732441,12.0632610321,-11126371.0,0.0
1.1592936516,11.9992828369,-11114526.0,0.0
1.1580140591,11.9353046417,-11102912.0,0.0
1.1567345858,11.8713264465,-11091400.0,0.0
1.1554549932,11.8073482513,-11079995.0,0.0
1.1541754007,11.7433700562,-11069119.0,0.0
1.1528958082,11.679391861,-11058338.0,0.0
1.1516163349,11.6154136658,-11047722.0,0.0
1.1503367424,11.5514354706,-11036827.0,0.0
1.1490571499,11.4874572754,-11026320.0,0.0
1.1477775574,11.4234790802,-11015747.0,0.0
1.1464980841,11.359500885,-11005018.0,0.0
1.1452184916,11.2955226898,-10994293.0,0.0
1.143938899,11.2315444946,-10983527.0,0.0
1.1426593065,11.1675662994,-10972350.0,0.0
1.1413798332,11.1035881042,-10961270.0,0.0
1.1401002407,11.0396099091,-10949770.0,0.0
1.1388206482,10.9756317139,-10938330.0,0.0
1.1375410557,10.9116535187,-10927040.0,0.0
1.1362614632,10.8476753235,-10917510.0,0.0
1.1349819899,10.7836971283,-10905294.0,0.0
1.1337023973,10.7197189331,-10892785.0,0.0
1.1324228048,10.6557407379,-10879705.0,0.0
1.1311432123,10.5917625427,-10866385.0,0.0
1.129863739,10.5277843475,-10852479.0,0.0
1.1285841465,10.4638061523,-10838975.0,0.0
1.127304554,10.3998279572,-10824639.0,0.0
1.1260249615,10.335849762,-10810891.0,0.0
1.1247454882,10.2718715668,-10796598.0,0.0
1.1234658957,10.2078933716,-10782409.0,0.0
1.1221863031,10.1439151764,-10767833.0,0.0
1.1209067106,10.0799369812,-10753414.0,0.0
1.1196272373,10.015958786,-10739315.0,0.0
1.1183476448,9.9519805908,-10725361.0,0.0
1.1170680523,9.8880023956,-10711381.0,0.0
1.1157884598,9.8240242004,-10697493.0,0.0
1.1145089865,9.7600460052,-10683341.0,0.0
1.113229394,9.6960678101,-10669737.0,0.0
1.1119498014,9.6320896149,-10655829.0,0.0
1.1106702089,9.5681114197,-10642597.0,0.0
1.1093907356,9.5041332245,-10629465.0,0.0
1.1081111431,9.4401550293,-10616573.0,0.0
1.1068315506,9.3761768341,-10603971.0,0.0
1.1055519581,9.3121986389,-10593174.0,0.0
1.1042724848,9.2482204437,-10582138.0,0.0
1.1029928923,9.1842422485,-10569586.0,0.0
1.1017132998,9.1202640533,-10557283.0,0.0
1.1004337072,9.0562858582,-10545153.0,0.0
1.0991542339,8.992307663,-10532836.0,0.0
1.0978746414,8.9283294678,-10521260.0,0.0
1.0965950489,8.8643512726,-10509513.0,0.0
1.0953154564,8.8003730774,-10498128.0,0.0
1.0940359831,8.7363948822,-10486768.0,0.0
1.0927563906,8.672416687,-10475667.0,0.0
1.0914767981,8.6084384918,-10464413.0,0.0
1.0901972055,8.5444602966,-10453066.0,0.0
1.0889177322,8.4804821014,-10441479.0,0.0
1.0876381397,8.4165039062,-10429962.0,0.0
1.0863585472,8.3525257111,-10417861.0,0.0
1.0850789547,8.2885475159,-10405716.0,0.0
1.0837994814,8.2245693207,-10392983.0,0.0
1.0825198889,8.1605911255,-10379982.0,0.0
1.0812401772,8.0966129303,-10366138.0,0.0
1.0799607038,8.0326347351,-10352222.0,0.0
1.0786812305,7.9686565399,-10337395.0,0.0
1.077401638,7.9046783447,-10322267.0,0.0
1.0761219263,7.8407001495,-10306722.0,0.0
1.074842453,7.7767219543,-10291653.0,0.0
1.0735629797,7.7127437592,-10278811.0,0.0
1.072283268,7.648765564,-10263388.0,0.0
1.0710036755,7.5847873688,-10247029.0,0.0
1.0697242022,7.5208091736,-10230947.0,0.0
1.0684447289,7.4568309784,-10214483.0,0.0
1.0671650171,7.3928527832,-10198359.0,0.0
1.0658854246,7.328874588,-10182443.0,0.0
1.0646059513,7.2648963928,-10166828.0,0.0
1.0633263588,7.2009181976,-10152103.0,0.0
1.0620467663,7.1369400024,-10138033.0,0.0
1.0607671738,7.0729618073,-10124263.0,0.0
1.0594877005,7.0089836121,-10111297.0,0.0
1.0582081079,6.9450054169,-10098413.0,0.0
1.0569285154,6.8810272217,-10086371.0,0.0
1.0556489229,6.8170490265,-10074115.0,0.0
1.0543694496,6.7530708313,-10062181.0,0.0
1.0530898571,6.6890926361,-10050257.0,0.0
1.0518102646,6.6251144409,-10038792.0,0.0
1.0505306721,6.5611362457,-10027370.0,0.0
1.0492511988,6.4971580505,-10016388.0,0.0
1.0479716063,6.4331798553,-10005333.0,0.0
1.0466920137,6.3692016602,-9994186.0,0.0
1.0454124212,6.305223465,-9983307.0,0.0
1.0441329479,6.2412452698,-9972922.0,0.0
1.0428533554,6.1772670746,-9963386.0,0.0
1.0415737629,6.1132888794,-9954714.0,0.0
1.0402941704,6.0493106842,-9943989.0,0.0
1.0390146971,5.985332489,-9933687.0,0.0
1.0377351046,5.9213542938,-9922944.0,0.0
1.036455512,5.8573760986,-9912342.0,0.0
1.0351759195,5.7933979034,-9901641.0,0.0
1.0338964462,5.7294197083,-9890781.0,0.0
1.0326168537,5.6654415131,-9879759.0,0.0
1.0313372612,5.6014633179,-9868737.0,0.0
1.0300576687,5.5374851227,-9857375.0,0.0
1.0287781954,5.4735069275,-9846024.0,0.0
1.0274986029,5.4095287323,-9834098.0,0.0
1.0262190104,5.3455505371,-9822197.0,0.0
1.0249394178,5.2815723419,-9809466.0,0.0
1.0236599445,5.2175941467,-9796769.0,0.0
1.022380352,5.1536159515,-9783878.0,0.0
1.0211007595,5.0896377563,-9770687.0,0.0
1.019821167,5.0256595612,-9757348.0,0.0
1.0185416937,4.961681366,-9743547.0,0.0
1.0172621012,4.8977031708,-9729919.0,0.0
1.0159825087,4.8337249756,-9715970.0,0.0
1.0147029161,4.7697467804,-9702163.0,0.0
1.0134234428,4.7057685852,-9688210.0,0.0
1.0121438503,4.64179039,-9675005.0,0.0
1.0108642578,4.5778121948,-9663281.0,0.0
1.0095846653,4.5138339996,-9650584.0,0.0
1.0083050728,4.4498558044,-9636743.0,0.0
1.0070255995,4.3858776093,-9623138.0,0.0
1.005746007,4.3218994141,-9609472.0,0.0
1.0044664145,4.2579212189,-9596156.0,0.0
1.0031868219,4.1939430237,-9583242.0,0.0
1.0019073486,4.1299648285,-9570541.0,0.0
1.0006277561,4.0659866333,-9558453.0,0.0
0.9993481636,4.0020084381,-9546546.0,0.0
0.9980686307,3.9380300045,-9534853.0,0.0
0.9967890382,3.8740515709,-9523588.0,0.0
0.9955095053,3.8100731373,-9512377.0,0.0
0.9942299128,3.7460947037,-9501523.0,0.0
0.9929503798,3.6821162701,-9490538.0,0.0
0.9916707873,3.6181378365,-9479782.0,0.0
0.9903912544,3.5541594028,-9469088.0,0.0
0.9891116619,3.4901809692,-9458276.0,0.0
0.9878320098,3.4262025356,-9447613.0,0.0
0.9865524769,3.362224102,-9436989.0,0.0
0.9852728844,3.2982456684,-9425901.0,0.0
0.9839933515,3.2342672348,-9415110.0,0.0
0.9827137589,3.1702888012,-9404220.0,0.0
0.981434226,3.1063103676,-9393504.0,0.0
0.9801546335,3.042331934,-9383140.0,0.0
0.9788751006,2.9783535004,-9374002.0,0.0
0.9775955081,2.9143750668,-9362644.0,0.0
0.9763159156,2.8503966331,-9351282.0,0.0
0.9750363827,2.7864181995,-9339446.0,0.0
0.9737567902,2.7224397659,-9327841.0,0.0
0.9724772573,2.6584613323,-9315763.0,0.0
0.9711976647,2.5944828987,-9304167.0,0.0
0.9699181318,2.5305044651,-9292012.0,0.0
0.9686385393,2.4665260315,-9280125.0,0.0
0.9673589468,2.4025475979,-9267788.0,0.0
0.9660794139,2.3385691643,-9255466.0,0.0
0.9647998214,2.2745907307,-9242712.0,0.0
0.9635202885,2.2106122971,-9230144.0,0.0
0.962240696,2.1466338634,-9217027.0,0.0
0.960961163,2.0826554298,-9203860.0,0.0
0.9596815705,2.0186769962,-9190467.0,0.0
0.9584020376,1.9546986818,-9176833.0,0.0
0.9571224451,1.8907203674,-9162730.0,0.0
0.955842793,1.826742053,-9149142.0,0.0
0.9545633197,1.7627637386,-9135180.0,0.0
0.9532836676,1.6987854242,-9121442.0,0.0
0.9520041943,1.6348071098,-9107560.0,0.0
0.9507245421,1.5708287954,-9094025.0,0.0
0.9494450092,1.506850481,-9081327.0,0.0
0.9481654167,1.4428721666,-9069863.0,0.0
0.9468858838,1.3788938522,-9058018.0,0.0
0.9456062913,1.3149155378,-9045029.0,0.0
0.9443267584,1.2509372234,-9032433.0,0.0
0.9430471659,1.186958909,-9019940.0,0.0
0.941767633,1.1229805946,-9007255.0,0.0
0.9404880404,1.0590022802,-8995337.0,0.0
0.9392085075,0.9950239658,-8983659.0,0.0
0.937928915,0.9310456514,-8972439.0,0.0
0.9366493225,0.867067337,-8961072.0,0.0
0.9353697896,0.8030890226,-8950223.0,0.0
0.9340901971,0.7391107082,-8939426.0,0.0
0.9328106642,0.6751323938,-8928842.0,0.0
0.9315310717,0.6111540794,-8918252.0,0.0
0.9302515388,0.547175765,-8907873.0,0.0
0.9289719462,0.4831974208,-8897208.0,0.0
0.9276924133,0.4192190766,-8886742.0,0.0
0.9264128208,0.3552407324,-8875996.0,0.0
0.9251332879,0.2912623882,-8865307.0,0.0
0.9238536954,0.227284044,-8854080.0,0.0
0.9225741625,0.1633056998,-8842956.0,0.0
0.92129457,0.0993273556,-8831326.0,0.0
0.9200150371,0.0353490114,-8819762.0,0.0
0.9187354445,-0.0286293328,-8807958.0,0.0
0.917455852,-0.092607677,-8796619.0,0.0
0.9161763191,-0.1565860212,-8786705.0,0.0
0.9148967266,-0.2205643654,-8774056.0,0.0
0.9136171937,-0.2845427096,-8761305.0,0.0
0.9123375416,-0.3485210538,-8748016.0,0.0
0.9110580683,-0.412499398,-8733955.0,0.0
0.9097784162,-0.4764777422,-8720162.0,0.0
0.9084989429,-0.5404560566,-8705798.0,0.0
0.9072192907,-0.604434371,-8691021.0,0.0
0.9059398174,-0.6684126854,-8675989.0,0.0
0.9046601653,-0.7323909998,-8660958.0,0.0
0.9033806324,-0.7963693142,-8645757.0,0.0
0.9021010399,-0.8603476286,-8630483.0,0.0
0.900821507,-0.924325943,-8614624.0,0.0
0.8995419145,-0.9883042574,-8599238.0,0.0
0.8982623219,-1.0522825718,-8583729.0,0.0
0.896982789,-1.1162608862,-8568603.0,0.0
0.8957031965,-1.1802392006,-8553283.0,0.0
0.8944236636,-1.244217515,-8538603.0,0.0
0.8931440711,-1.3081958294,-8523847.0,0.0
0.8918645382,-1.3721741438,-8509513.0,0.0
0.8905849457,-1.4361524582,-8495030.0,0.0
0.8893054128,-1.5001307726,-8481006.0,0.0
0.8880258203,-1.564109087,-8466989.0,0.0
0.8867462873,-1.6280874014,-8453841.0,0.0
0.8854666948,-1.6920657158,-8441979.0,0.0
0.8841871619,-1.7560440302,-8430308.0,0.0
0.8829075694,-1.8200223446,-8416809.0,0.0
0.8816280365,-1.884000659,-8404070.0,0.0
0.880348444,-1.9479789734,-8390806.0,0.0
0.8790688515,-2.011957407,-8377991.0,0.0
0.8777893186,-2.0759358406,-8365284.0,0.0
0.876509726,-2.1399142742,-8352494.0,0.0
0.8752301931,-2.2038927078,-8339781.0,0.0
0.8739506006,-2.2678711414,-8327089.0,0.0
0.8726710677,-2.331849575,-8314035.0,0.0
0.8713914752,-2.3958280087,-8300718.0,0.0
0.8701118231,-2.4598064423,-8286904.0,0.0
0.8688323498,-2.5237848759,-8273274.0,0.0
0.8675526977,-2.5877633095,-8258796.0,0.0
0.8662731647,-2.6517417431,-8244116.0,0.0
0.8649935722,-2.7157201767,-8229011.0,0.0
0.8637140393,-2.7796986103,-8213180.0,0.0
0.8624344468,-2.8436770439,-8196875.0,0.0
0.8611549139,-2.9076554775,-8180377.0,0.0
0.8598753214,-2.9716339111,-8163729.0,0.0
0.8585957289,-3.0356123447,-8146745.0,0.0
0.857316196,-3.0995907784,-8129516.0,0.0
0.8560366035,-3.163569212,-8113075.0,0.0
0.8547570705,-3.2275476456,-8097252.0,0.0
0.853477478,-3.2915260792,-8084507.0,0.0
0.8521979451,-3.3555045128,-8068655.0,0.0
0.8509183526,-3.4194829464,-8053471.0,0.0
0.8496388197,-3.48346138,-8038809.0,0.0
0.8483592272,-3.5474398136,-8024612.0,0.0
0.8470796347,-3.6114182472,-8010909.0,0.0
0.8458001018,-3.6753966808,-7997908.0,0.0
0.8445205092,-3.7393751144,-7985048.0,0.0
0.8432409763,-3.803353548,-7972844.0,0.0
0.8419613838,-3.8673319817,-7960513.0,0.0
0.8406818509,-3.9313104153,-7948974.0,0.0
0.8394022584,-3.9952888489,-7937591.0,0.0
0.8381227255,-4.0592670441,-7926598.0,0.0
0.836843133,-4.1232452393,-7915739.0,0.0
0.8355634809,-4.1872234344,-7904582.0,0.0
0.8342840075,-4.2512016296,-7893827.0,0.0
0.8330044746,-4.3151798248,-7883137.0,0.0
0.8317248821,-4.37915802,-7872304.0,0.0
0.83044523,-4.4431362152,-7861645.0,0.0
0.8291656971,-4.5071144104,-7850531.0,0.0
0.8278862238,-4.5710926056,-7839459.0,0.0
0.8266065717,-4.6350708008,-7828133.0,0.0
0.8253269792,-4.699048996,-7816492.0,0.0
0.8240474463,-4.7630271912,-7805006.0,0.0
0.8227679729,-4.8270053864,-7794479.0,0.0
0.8214883208,-4.8909835815,-7783905.0,0.0
0.8202087283,-4.9549617767,-7771184.0,0.0
0.8189291954,-5.0189399719,-7758473.0,0.0
0.8176496625,-5.0829181671,-7745263.0,0.0
0.81637007,-5.1468963623,-7731886.0,0.0
0.8150904775,-5.2108745575,-7718258.0,0.0
0.8138109446,-5.2748527527,-7704514.0,0.0
0.8125314116,-5.3388309479,-7690789.0,0.0
0.8112518191,-5.4028091431,-7677196.0,0.0
0.8099722266,-5.4667873383,-7663303.0,0.0
0.8086926937,-5.5307655334,-7649350.0,0.0
0.8074131608,-5.5947437286,-7635488.0,0.0
0.8061335683,-5.6587219238,-7621681.0,0.0
0.8048539758,-5.722700119,-7607801.0,0.0
0.8035744429,-5.7866783142,-7593887.0,0.0
0.80229491,-5.8506565094,-7580008.0,0.0
0.8010153174,-5.9146347046,-7566296.0,0.0
0.7997357249,-5.9786128998,-7552588.0,0.0
0.798456192,-6.042591095,-7539117.0,0.0
0.7971766591,-6.1065692902,-7525761.0,0.0
0.7958970666,-6.1705474854,-7512805.0,0.0
0.7946174741,-6.2345256805,-7499918.0,0.0
0.7933379412,-6.2985038757,-7487472.0,0.0
0.7920584083,-6.3624820709,-7475703.0,0.0
0.7907788157,-6.4264602661,-7466005.0,0.0
0.7894992232,-6.4904384613,-7454441.0,0.0
0.7882196903,-6.5544166565,-7442411.0,0.0
0.7869401574,-6.6183948517,-7430817.0,0.0
0.7856605649,-6.6823730469,-7418901.0,0.0
0.7843809724,-6.7463512421,-7407229.0,0.0
0.7831014395,-6.8103294373,-7395870.0,0.0
0.7818219066,-6.8743076324,-7384260.0,0.0
0.7805423141,-6.9382858276,-7373079.0,0.0
0.7792627215,-7.0022640228,-7361932.0,0.0
0.7779831886,-7.066242218,-7350975.0,0.0
0.7767036557,-7.1302204132,-7339953.0,0.0
0.7754240632,-7.1941986084,-7328743.0,0.0
0.7741444111,-7.2581768036,-7317654.0,0.0
0.7728649378,-7.3221549988,-7306443.0,0.0
0.7715854049,-7.386133194,-7294905.0,0.0
0.7703058124,-7.4501113892,-7283326.0,0.0
0.7690261602,-7.5140895844,-7271386.0,0.0
0.7677466869,-7.5780677795,-7259251.0,0.0
0.766467154,-7.6420459747,-7246739.0,0.0
0.7651875019,-7.7060241699,-7234122.0,0.0
0.7639079094,-7.7700023651,-7221339.0,0.0
0.7626283765,-7.8339805603,-7208201.0,0.0
0.7613489032,-7.8979587555,-7195114.0,0.0
0.7600692511,-7.9619369507,-7182847.0,0.0
0.7587896585,-8.0259151459,-7171184.0,0.0
0.7575101256,-8.0898933411,-7156959.0,0.0
0.7562305927,-8.1538715363,-7142971.0,0.0
0.7549510002,-8.2178497314,-7128533.0,0.0
0.7536714077,-8.2818279266,-7114030.0,0.0
0.7523918748,-8.3458061218,-7099497.0,0.0
0.7511123419,-8.409784317,-7084770.0,0.0
0.7498327494,-8.4737625122,-7070375.0,0.0
0.7485531569,-8.5377407074,-7056303.0,0.0
0.7472736239,-8.6017189026,-7042077.0,0.0
0.745994091,-8.6656970978,-7028309.0,0.0
0.7447144985,-8.729675293,-7014583.0,0.0
0.743434906,-8.7936534882,-7000944.0,0.0
0.7421553731,-8.8576316833,-6987801.0,0.0
0.7408758402,-8.9216098785,-6974756.0,0.0
0.7395962477,-8.9855880737,-6962044.0,0.0
0.7383166552,-9.0495662689,-6949541.0,0.0
0.7370371222,-9.1135444641,-6936988.0,0.0
0.7357575893,-9.1775226593,-6925009.0,0.0
0.7344779968,-9.2415008545,-6913377.0,0.0
0.7331984043,-9.3054790497,-6901942.0,0.0
0.7319188714,-9.3694572449,-6890798.0,0.0
0.7306393385,-9.4334354401,-6879740.0,0.0
0.729359746,-9.4974136353,-6869511.0,0.0
0.7280801535,-9.5613918304,-6860962.0,0.0
0.7268006206,-9.6253700256,-6850909.0,0.0
0.7255210876,-9.6893482208,-6840394.0,0.0
0.7242414951,-9.753326416,-6830178.0,0.0
0.7229619026,-9.8173046112,-6819706.0,0.0
0.7216823697,-9.8812828064,-6809345.0,0.0
0.7204028368,-9.9452610016,-6799175.0,0.0
0.7191232443,-10.0092391968,-6788851.0,0.0
0.7178436518,-10.073217392,-6778510.0,0.0
0.7165641189,-10.1371955872,-6768261.0,0.0
0.715284586,-10.2011737823,-6757884.0,0.0
0.7140049934,-10.2651519775,-6747476.0,0.0
0.7127254009,-10.3291301727,-6736687.0,0.0
0.711445868,-10.3931083679,-6725746.0,0.0
0.7101663351,-10.4570865631,-6714620.0,0.0
0.7088867426,-10.5210647583,-6703177.0,0.0
0.7076070905,-10.5850429535,-6691430.0,0.0
0.7063276172,-10.6490211487,-6679095.0,0.0
0.7050480843,-10.7129993439,-6666443.0,0.0
0.7037684917,-10.7769775391,-6653473.0,0.0
0.7024888396,-10.8409557343,-6640070.0,0.0
0.7012093067,-10.9049339294,-6626240.0,0.0
0.6999298334,-10.9689121246,-6612022.0,0.0
0.6986501813,-11.0328903198,-6597966.0,0.0
0.6973705888,-11.096868515,-6584633.0,0.0
0.6960910559,-11.1608467102,-6572747.0,0.0
0.6948115826,-11.2248249054,-6557615.0,0.0
0.6935319304,-11.2888031006,-6543122.0,0.0
0.6922523379,-11.3527812958,-6528345.0,0.0
0.690972805,-11.416759491,-6513576.0,0.0
0.6896932721,-11.4807376862,-6499429.0,0.0
0.6884136796,-11.5447158813,-6485284.0,0.0
0.6871340871,-11.6086940765,-6471360.0,0.0
0.6858545542,-11.6726722717,-6458187.0,0.0
0.6845750213,-11.7366504669,-6444977.0,0.0
0.6832954288,-11.8006286621,-6432283.0,0.0
0.6820158362,-11.8646068573,-6419711.0,0.0
0.6807363033,-11.9285850525,-6407469.0,0.0
0.6794567704,-11.9925632477,-6395298.0,0.0
0.6781771779,-12.0565414429,-6383388.0,0.0
0.6768975854,-12.1205196381,-6371697.0,0.0
0.6756180525,-12.1844978333,-6360162.0,0.0
0.6743385196,-12.2484760284,-6348884.0,0.0
0.6730589271,-12.3124542236,-6337437.0,0.0
0.6717793345,-12.3764324188,-6326257.0,0.0
0.6704998016,-12.440410614,-6315075.0,0.0
0.6692202687,-12.5043888092,-6303942.0,0.0
0.6679406762,-12.5683670044,-6292991.0,0.0
0.6666610837,-12.6323451996,-6282595.0,0.0
0.6653815508,-12.6963233948,-6273032.0,0.0
0.6641020179,-12.76030159,-6263007.0,0.0
0.6628224254,-12.8242797852,-6251411.0,0.0
0.6615428329,-12.8882579803,-6239881.0,0.0
0.6602632999,-12.9522361755,-6228057.0,0.0
0.658983767,-13.0162143707,-6216101.0,0.0
0.6577041745,-13.0801925659,-6204088.0,0.0
0.656424582,-13.1441707611,-6191679.0,0.0
0.6551450491,-13.2081489563,-6179478.0,0.0
0.6538655162,-13.2721271515,-6167252.0,0.0
0.6525859237,-13.3361053467,-6154642.0,0.0
0.6513063312,-13.4000835419,-6142106.0,0.0
0.6500267982,-13.4640617371,-6128979.0,0.0
0.6487472653,-13.5280399323,-6115746.0,0.0
0.6474676728,-13.5920181274,-6102089.0,0.0
0.6461880207,-13.6559963226,-6088438.0,0.0
0.6449085474,-13.7199745178,-6074497.0,0.0
0.6436290145,-13.783952713,-6060414.0,0.0
0.642349422,-13.8479309082,-6046010.0,0.0
0.6410697699,-13.9119091034,-6031259.0,0.0
0.6397902966,-13.9758872986,-6016692.0,0.0
0.638510704,-14.0398654938,-6002118.0,0.0
0.6372311115,-14.103843689,-5987838.0,0.0
0.6359515786,-14.1678218842,-5973701.0,0.0
0.6346719861,-14.2318000793,-5960686.0,0.0
0.6333924532,-14.2957782745,-5949655.0,0.0
0.6321128607,-14.3597564697,-5936047.0,0.0
0.6308333278,-14.4237346649,-5922796.0,0.0
0.6295537353,-14.4877128601,-5909721.0,0.0
0.6282742023,-14.5516910553,-5896640.0,0.0
0.6269946098,-14.6156692505,-5883861.0,0.0
0.6257150769,-14.6796474457,-5871154.0,0.0
0.6244354844,-14.7436256409,-5858703.0,0.0
0.6231559515,-14.8076038361,-5846857.0,0.0
0.621876359,-14.8715820312,-5835184.0,0.0
0.6205968261,-14.9355602264,-5823533.0,0.0
0.6193172336,-14.9995384216,-5812280.0,0.0
0.6180377007,-15.0635166168,-5801277.0,0.0
0.6167581081,-15.127494812,-5790322.0,0.0
0.6154785752,-15.1914730072,-5779615.0,0.0
0.6141989827,-15.2554512024,-5769050.0,0.0
0.6129194498,-15.3194293976,-5758361.0,0.0
0.6116398573,-15.3834075928,-5747786.0,0.0
0.6103603244,-15.447385788,-5737144.0,0.0
0.6090807319,-15.5113639832,-5726362.0,0.0
0.607801199,-15.5753421783,-5715438.0,0.0
0.6065216064,-15.6393203735,-5704212.0,0.0
0.6052420139,-15.7032985687,-5692888.0,0.0
0.603962481,-15.7672767639,-5681737.0,0.0
0.6026828885,-15.8312549591,-5671601.0,0.0
0.6014033556,-15.8952331543,-5660733.0,0.0
0.6001237631,-15.9592113495,-5648070.0,0.0
0.5988442302,-16.0231895447,-5635573.0,0.0
0.5975646377,-16.0871677399,-5621883.0,0.0
0.5962851048,-16.1511459351,-5608242.0,0.0
0.5950055122,-16.2151241302,-5594285.0,0.0
0.5937259793,-16.2791023254,-5580005.0,0.0
0.5924463868,-16.3430805206,-5565753.0,0.0
0.5911668539,-16.4070587158,-5550433.0,0.0
0.5898872614,-16.471036911,-5535278.0,0.0
0.5886077285,-16.5350151062,-5519954.0,0.0
0.587328136,-16.5989933014,-5504042.0,0.0
0.5860486031,-16.6629714966,-5488202.0,0.0
0.5847690105,-16.7269496918,-5471853.0,0.0
0.5834894776,-16.790927887,-5455614.0,0.0
0.5822098851,-16.8549060822,-5439250.0,0.0
0.5809303522,-16.9188842773,-5422895.0,0.0
0.5796507597,-16.9828624725,-5406910.0,0.0
0.5783712268,-17.0468406677,-5391030.0,0.0
0.5770916343,-17.1108188629,-5375599.0,0.0
0.5758121014,-17.1747970581,-5360409.0,0.0
0.5745325089,-17.2387752533,-5345567.0,0.0
0.5732529163,-17.3027534485,-5331074.0,0.0
0.5719733834,-17.3667316437,-5317604.0,0.0
0.5706937909,-17.4307098389,-5306568.0,0.0
0.569414258,-17.4946880341,-5293121.0,0.0
0.5681346655,-17.5586662292,-5279801.0,0.0
0.5668551326,-17.6226444244,-5266533.0,0.0
0.5655755401,-17.6866226196,-5253416.0,0.0
0.5642960072,-17.7506008148,-5240485.0,0.0
0.5630164146,-17.81457901,-5227679.0,0.0
0.5617368817,-17.8785572052,-5214954.0,0.0
0.5604572892,-17.9425354004,-5202016.0,0.0
0.5591777563,-18.0065135956,-5189146.0,0.0
0.5578981638,-18.0704917908,-5176095.0,0.0
0.5566186309,-18.134469986,-5162649.0,0.0
0.5553390384,-18.1984481812,-5148873.0,0.0
0.5540595055,-18.2624263763,-5134833.0,0.0
0.5527799129,-18.3264045715,-5120610.0,0.0
0.55150038,-18.3903827667,-5106269.0,0.0
0.5502207875,-18.4543609619,-5091424.0,0.0
0.5489412546,-18.5183391571,-5076539.0,0.0
0.5476616621,-18.5823173523,-5060882.0,0.0
0.5463821292,-18.6462955475,-5045371.0,0.0
0.5451025367,-18.7102737427,-5029406.0,0.0
0.5438230038,-18.7742519379,-5013501.0,0.0
0.5425434113,-18.8382301331,-4997605.0,0.0
0.5412638187,-18.9022083282,-4982104.0,0.0
0.5399842858,-18.9661865234,-4968383.0,0.0
0.5387046933,-19.0301647186,-4955178.0,0.0
0.5374251604,-19.0941429138,-4939833.0,0.0
0.5361455679,-19.158121109,-4925732.0,0.0
0.534866035,-19.2220993042,-4911457.0,0.0
0.5335864425,-19.2860774994,-4897557.0,0.0
0.5323069096,-19.3500556946,-4884464.0,0.0
0.531027317,-19.4140338898,-4871633.0,0.0
0.5297477841,-19.478012085,-4859198.0,0.0
0.5284681916,-19.5419902802,-4847186.0,0.0
0.5271886587,-19.6059684753,-4835250.0,0.0
0.5259090662,-19.6699466705,-4824096.0,0.0
0.5246295333,-19.7339248657,-4812840.0,0.0
0.5233499408,-19.7979030609,-4802089.0,0.0
0.5220704079,-19.8618812561,-4791202.0,0.0
0.5207908154,-19.9258594513,-4780637.0,0.0
0.5195112824,-19.9898376465,-4769791.0,0.0
0.5182316899,-20.0538158417,-4759196.0,0.0
0.516952157,-20.1177940369,-4748674.0,0.0
0.5156725645,-20.1817722321,-4738155.0,0.0
0.5143930316,-20.2457504272,-4727605.0,0.0
0.5131134391,-20.3097286224,-4717327.0,0.0
0.5118339062,-20.3737068176,-4706686.0,0.0
0.5105543137,-20.4376850128,-4696256.0,0.0
0.5092747211,-20.501663208,-4686134.0,0.0
0.5079951882,-20.5656414032,-4677486.0,0.0
0.5067155957,-20.6296195984,-4666839.0,0.0
0.5054360628,-20.6935977936,-4655725.0,0.0
0.5041564703,-20.7575759888,-4644232.0,0.0
0.5028769374,-20.821554184,-4632411.0,0.0
0.5015973449,-20.8855323792,-4620246.0,0.0
0.500317812,-20.9495105743,-4608285.0,0.0
0.4990382493,-21.0134887695,-4596040.0,0.0
0.4977586865,-21.0774669647,-4583422.0,0.0
0.4964791238,-21.1414451599,-4570973.0,0.0
0.4951995611,-21.2054233551,-4558597.0,0.0
0.4939199686,-21.2694015503,-4545889.0,0.0
0.4926404059,-21.3333797455,-4533216.0,0.0
0.4913608432,-21.3973579407,-4520269.0,0.0
0.4900812805,-21.4613361359,-4507429.0,0.0
0.4888017178,-21.5253143311,-4494198.0,0.0
0.487522155,-21.5892925262,-4481185.0,0.0
0.4862425923,-21.6532707214,-4467765.0,0.0
0.4849630296,-21.7172489166,-4454084.0,0.0
0.4836834669,-21.7812271118,-4440371.0,0.0
0.4824039042,-21.845205307,-4426640.0,0.0
0.4811243415,-21.9091835022,-4412578.0,0.0
0.4798447788,-21.9731616974,-4398912.0,0.0
0.4785652161,-22.0371398926,-4385402.0,0.0
0.4772856534,-22.1011180878,-4373353.0,0.0
0.4760060906,-22.165096283,-4362018.0,0.0
0.4747265279,-22.2290744781,-4348274.0,0.0
0.4734469652,-22.2930526733,-4335491.0,0.0
0.4721674025,-22.3570308685,-4322408.0,0.0
0.4708878398,-22.4210090637,-4309479.0,0.0
0.4696082771,-22.4849872589,-4297151.0,0.0
0.4683287144,-22.5489654541,-4284741.0,0.0
0.4670491517,-22.6129436493,-4272738.0,0.0
0.4657695889,-22.6769218445,-4261039.0,0.0
0.4644900262,-22.7409000397,-4249337.0,0.0
0.4632104635,-22.8048782349,-4237886.0,0.0
0.461930871,-22.8688564301,-4226471.0,0.0
0.4606513083,-22.9328346252,-4215136.0,0.0
0.4593717456,-22.9968128204,-4203848.0,0.0
0.4580921829,-23.0607910156,-4192612.0,0.0
0.4568126202,-23.1247692108,-4180929.0,0.0
0.4555330575,-23.188747406,-4169497.0,0.0
0.4542534947,-23.2527256012,-4157921.0,0.0
0.452973932,-23.3167037964,-4145867.0,0.0
0.4516943693,-23.3806819916,-4133574.0,0.0
0.4504148066,-23.4446601868,-4120834.0,0.0
0.4491352439,-23.508638382,-4107701.0,0.0
0.4478556812,-23.5726165771,-4094495.0,0.0
0.4465761185,-23.6365947723,-4081468.0,0.0
0.4452965558,-23.7005729675,-4070371.0,0.0
0.444016993,-23.7645511627,-4057035.0,0.0
0.4427374303,-23.8285293579,-4042668.0,0.0
0.4414578676,-23.8925075531,-4028176.0,0.0
0.4401783049,-23.9564857483,-4012869.0,0.0
0.4388987422,-24.0204639435,-3997975.0,0.0
0.4376191795,-24.0844421387,-3982909.0,0.0
0.4363396168,-24.1484203339,-3967781.0,0.0
0.4350600541,-24.2123985291,-3952672.0,0.0
0.4337804914,-24.2763767242,-3938004.0,0.0
0.4325009286,-24.3403549194,-3923153.0,0.0
0.4312213659,-24.4043331146,-3909132.0,0.0
0.4299417734,-24.4683113098,-3895302.0,0.0
0.4286622107,-24.532289505,-3881694.0,0.0
0.427382648,-24.5962677002,-3868254.0,0.0
0.4261030853,-24.6602458954,-3855182.0,0.0
0.4248235226,-24.7242240906,-3842375.0,0.0
0.4235439599,-24.7882022858,-3829786.0,0.0
0.4222643971,-24.852180481,-3817303.0,0.0
0.4209848344,-24.9161586761,-3805152.0,0.0
0.4197052717,-24.9801368713,-3792770.0,0.0
0.418425709,-25.0441150665,-3780689.0,0.0
0.4171461463,-25.1080932617,-3769138.0,0.0
0.4158665836,-25.1720714569,-3757916.0,0.0
0.4145870209,-25.2360496521,-3747676.0,0.0
0.4133074582,-25.3000278473,-3738643.0,0.0
0.4120278955,-25.3640060425,-3727212.0,0.0
0.4107483327,-25.4279842377,-3716759.0,0.0
0.40946877,-25.4919624329,-3705925.0,0.0
0.4081892073,-25.5559406281,-3695341.0,0.0
0.4069096446,-25.6199188232,-3685026.0,0.0
0.4056300819,-25.6838970184,-3674723.0,0.0
0.4043505192,-25.7478752136,-3664558.0,0.0
0.4030709565,-25.8118534088,-3654470.0,0.0
0.4017913938,-25.875831604,-3644213.0,0.0
0.400511831,-25.9398097992,-3634016.0,0.0
0.3992322683,-26.0037879944,-3623536.0,0.0
0.3979526758,-26.0677661896,-3612964.0,0.0
0.3966731131,-26.1317443848,-3602024.0,0.0
0.3953935504,-26.19572258,-3590748.0,0.0
0.3941139877,-26.2597007751,-3579257.0,0.0
0.392834425,-26.3236789703,-3567328.0,0.0
0.3915548623,-26.3876571655,-3555013.0,0.0
0.3902752995,-26.4516353607,-3542341.0,0.0
0.3889957368,-26.5156135559,-3528964.0,0.0
0.3877161741,-26.5795917511,-3515027.0,0.0
0.3864366114,-26.6435699463,-3500713.0,0.0
0.3851570487,-26.7075481415,-3485763.0,0.0
0.383877486,-26.7715263367,-3471136.0,0.0
0.3825979233,-26.8355045319,-3457185.0,0.0
0.3813183606,-26.8994827271,-3442207.0,0.0
0.3800387979,-26.9634609222,-3424641.0,0.0
0.3787592351,-27.0274391174,-3407266.0,0.0
0.3774796724,-27.0914173126,-3388930.0,0.0
0.3762001097,-27.1553955078,-3370563.0,0.0
0.374920547,-27.219373703,-3352341.0,0.0
0.3736409843,-27.2833518982,-3334298.0,0.0
0.3723614216,-27.3473300934,-3316949.0,0.0
0.3710818589,-27.4113082886,-3300171.0,0.0
0.3698022962,-27.4752864838,-3283718.0,0.0
0.3685227334,-27.539264679,-3268308.0,0.0
0.3672431707,-27.6032428741,-3252862.0,0.0
0.3659635782,-27.6672210693,-3238200.0,0.0
0.3646840155,-27.7311992645,-3223935.0,0.0
0.3634044528,-27.7951774597,-3210170.0,0.0
0.3621248901,-27.8591556549,-3196690.0,0.0
0.3608453274,-27.9231338501,-3183628.0,0.0
0.3595657647,-27.9871120453,-3170453.0,0.0
0.358286202,-28.0510902405,-3157623.0,0.0
0.3570066392,-28.1150684357,-3144764.0,0.0
0.3557270765,-28.1790466309,-3132050.0,0.0
0.3544475138,-28.243024826,-3119237.0,0.0
0.3531679511,-28.3070030212,-3106433.0,0.0
0.3518883884,-28.3709812164,-3094364.0,0.0
0.3506088257,-28.4349594116,-3083669.0,0.0
0.349329263,-28.4989376068,-3069589.0,0.0
0.3480497003,-28.562915802,-3055515.0,0.0
0.3467701375,-28.6268939972,-3040742.0,0.0
0.3454905748,-28.6908721924,-3025700.0,0.0
0.3442110121,-28.7548503876,-3010038.0,0.0
0.3429314494,-28.8188285828,-2994003.0,0.0
0.3416518867,-28.882806778,-2977449.0,0.0
0.340372324,-28.9467849731,-2960747.0,0.0
0.3390927613,-29.0107631683,-2943708.0,0.0
0.3378131986,-29.0747413635,-2926863.0,0.0
0.3365336359,-29.1387195587,-2909743.0,0.0
0.3352540731,-29.2026977539,-2892881.0,0.0
0.3339744806,-29.2666759491,-2876370.0,0.0
0.3326949179,-29.3306541443,-2860520.0,0.0
0.3314153552,-29.3946323395,-2844956.0,0.0
0.3301357925,-29.4586105347,-2830167.0,0.0
0.3288562298,-29.5225887299,-2815790.0,0.0
0.3275766671,-29.586566925,-2801734.0,0.0
0.3262971044,-29.6505451202,-2787916.0,0.0
0.3250175416,-29.7145233154,-2774557.0,0.0
0.3237379789,-29.7785015106,-2761599.0,0.0
0.3224584162,-29.8424797058,-2749015.0,0.0
0.3211788535,-29.906457901,-2737403.0,0.0
0.3198992908,-29.9704360962,-2727101.0,0.0
0.3186197281,-30.0344142914,-2716341.0,0.0
0.3173401654,-30.0983924866,-2704352.0,0.0
0.3160606027,-30.1623706818,-2692857.0,0.0
0.31478104,-30.226348877,-2681425.0,0.0
0.3135014772,-30.2903270721,-2670241.0,0.0
0.3122219145,-30.3543052673,-2659424.0,0.0
0.3109423518,-30.4182834625,-2648853.0,0.0
0.3096627891,-30.4822616577,-2638648.0,0.0
0.3083832264,-30.5462398529,-2628480.0,0.0
0.3071036637,-30.6102180481,-2618593.0,0.0
0.305824101,-30.6741962433,-2608820.0,0.0
0.3045445383,-30.7381744385,-2598957.0,0.0
0.3032649755,-30.8021526337,-2589212.0,0.0
0.301985383,-30.8661308289,-2579237.0,0.0
0.3007058203,-30.930109024,-2569389.0,0.0
0.2994262576,-30.9940872192,-2559283.0,0.0
0.2981466949,-31.0580654144,-2549161.0,0.0
0.2968671322,-31.1220436096,-2538858.0,0.0
0.2955875695,-31.1860218048,-2527901.0,0.0
0.2943080068,-31.25,-2517077.0,0.0
0.2930284441,-31.3139781952,-2506019.0,0.0
0.2917488813,-31.3779563904,-2494828.0,0.0
0.2904693186,-31.4419345856,-2483726.0,0.0
0.2891897559,-31.5059127808,-2473195.0,0.0
0.2879101932,-31.569890976,-2463968.0,0.0
0.2866306305,-31.6338691711,-2452551.0,0.0
0.2853510678,-31.6978473663,-2441243.0,0.0
0.2840715051,-31.7618255615,-2429548.0,0.0
0.2827919424,-31.8258037567,-2417691.0,0.0
0.2815123796,-31.8897819519,-2405702.0,0.0
0.2802328169,-31.9537601471,-2393830.0,0.0
0.2789532542,-32.0177383423,-2381760.0,0.0
0.2776736319,-32.0817184448,-2369738.0,0.0
0.2763940394,-32.1456985474,-2357712.0,0.0
0.2751144469,-32.2096786499,-2345621.0,0.0
0.2738348246,-32.2736587524,-2333335.0,0.0
0.272555232,-32.337638855,-2321056.0,0.0
0.2712756395,-32.4016189575,-2308684.0,0.0
0.269996047,-32.4655990601,-2296236.0,0.0
0.2687164247,-32.5295791626,-2283663.0,0.0
0.2674368322,-32.5935592651,-2271275.0,0.0
0.2661572397,-32.6575393677,-2258701.0,0.0
0.2648776174,-32.7215194702,-2246211.0,0.0
0.2635980248,-32.7854995728,-2233671.0,0.0
0.2623184323,-32.8494796753,-2221106.0,0.0
0.26103881,-32.9134597778,-2208588.0,0.0
0.2597592175,-32.9774398804,-2195996.0,0.0
0.258479625,-33.0414199829,-2184094.0,0.0
0.2572000027,-33.1054000854,-2173396.0,0.0
0.2559204102,-33.169380188,-2162831.0,0.0
0.2546408176,-33.2333602905,-2150616.0,0.0
0.2533611953,-33.2973403931,-2138855.0,0.0
0.2520816028,-33.3613204956,-2126999.0,0.0
0.2508020103,-33.4253005981,-2115323.0,0.0
0.2495224029,-33.4892807007,-2103896.0,0.0
0.2482427955,-33.5532608032,-2092333.0,0.0
0.246963203,-33.6172409058,-2081029.0,0.0
0.2456835955,-33.6812210083,-2069793.0,0.0
0.2444039881,-33.7452011108,-2058601.0,0.0
0.2431243956,-33.8091812134,-2047483.0,0.0
0.2418447882,-33.8731613159,-2036137.0,0.0
0.2405651808,-33.9371414185,-2024861.0,0.0
0.2392855883,-34.001121521,-2013182.0,0.0
0.2380059808,-34.0651016235,-2001403.0,0.0
0.2367263734,-34.1290817261,-1989265.0,0.0
0.2354467809,-34.1930618286,-1976807.0,0.0
0.2341671735,-34.2570419312,-1964130.0,0.0
0.2328875661,-34.3210220337,-1951041.0,0.0
0.2316079736,-34.3850021362,-1937793.0,0.0
0.2303283662,-34.4489822388,-1924177.0,0.0
0.2290487736,-34.5129623413,-1910480.0,0.0
0.2277691662,-34.5769424438,-1896551.0,0.0
0.2264895588,-34.6409225464,-1883382.0,0.0
0.2252099663,-34.7049026489,-1872274.0,0.0
0.2239303589,-34.7688827515,-1858266.0,0.0
0.2226507515,-34.832862854,-1844387.0,0.0
0.221371159,-34.8968429565,-1830192.0,0.0
0.2200915515,-34.9608230591,-1815878.0,0.0
0.2188119441,-35.0248031616,-1801941.0,0.0
0.2175323516,-35.0887832642,-1788226.0,0.0
0.2162527442,-35.1527633667,-1774568.0,0.0
0.2149731517,-35.2167434692,-1761380.0,0.0
0.2136935443,-35.2807235718,-1748415.0,0.0
0.2124139369,-35.3447036743,-1735924.0,0.0
0.2111343443,-35.4086837769,-1723832.0,0.0
0.2098547369,-35.4726638794,-1711892.0,0.0
0.2085751295,-35.5366439819,-1700304.0,0.0
0.207295537,-35.6006240845,-1688804.0,0.0
0.2060159296,-35.664604187,-1677470.0,0.0
0.2047363222,-35.7285842896,-1666207.0,0.0
0.2034567297,-35.7925643921,-1655103.0,0.0
0.2021771222,-35.8565444946,-1643876.0,0.0
0.2008975148,-35.9205245972,-1632947.0,0.0
0.1996179223,-35.9845046997,-1621803.0,0.0
0.1983383149,-36.0484848022,-1610665.0,0.0
0.1970587224,-36.1124649048,-1599566.0,0.0
0.195779115,-36.1764450073,-1588614.0,0.0
0.1944995075,-36.2404251099,-1578765.0,0.0
0.193219915,-36.3044052124,-1569221.0,0.0
0.1919403076,-36.3683853149,-1557788.0,0.0
0.1906607002,-36.4323654175,-1546680.0,0.0
0.1893811077,-36.49634552,-1534982.0,0.0
0.1881015003,-36.5603256226,-1523550.0,0.0
0.1868218929,-36.6243057251,-1512076.0,0.0
0.1855423003,-36.6882858276,-1500513.0,0.0
0.1842626929,-36.7522659302,-1488836.0,0.0
0.1829831004,-36.8162460327,-1477056.0,0.0
0.181703493,-36.8802261353,-1465139.0,0.0
0.1804238856,-36.9442062378,-1453182.0,0.0
0.1791442931,-37.0081863403,-1440745.0,0.0
0.1778646857,-37.0721664429,-1428269.0,0.0
0.1765850782,-37.1361465454,-1414972.0,0.0
0.1753054857,-37.2001266479,-1401533.0,0.0
0.1740258783,-37.2641067505,-1387701.0,0.0
0.1727462709,-37.328086853,-1373216.0,0.0
0.1714666784,-37.3920669556,-1358418.0,0.0
0.170187071,-37.4560470581,-1343383.0,0.0
0.1689074636,-37.5200271606,-1328005.0,0.0
0.167627871,-37.5840072632,-1312332.0,0.0
0.1663482636,-37.6479873657,-1296537.0,0.0
0.1650686711,-37.7119674683,-1280961.0,0.0
0.1637890637,-37.7759475708,-1265642.0,0.0
0.1625094563,-37.8399276733,-1253416.0,0.0
0.1612298638,-37.9039077759,-1238326.0,0.0
0.1599502563,-37.9678878784,-1223270.0,0.0
0.1586706489,-38.031867981,-1208372.0,0.0
0.1573910564,-38.0958480835,-1193389.0,0.0
0.156111449,-38.159828186,-1179161.0,0.0
0.1548318416,-38.2238082886,-1165137.0,0.0
0.1535522491,-38.2877883911,-1151389.0,0.0
0.1522726417,-38.3517684937,-1138220.0,0.0
0.1509930491,-38.4157485962,-1125096.0,0.0
0.1497134417,-38.4797286987,-1112467.0,0.0
0.1484338343,-38.5437088013,-1099940.0,0.0
0.1471542418,-38.6076889038,-1087678.0,0.0
0.1458746344,-38.6716690063,-1075472.0,0.0
0.144595027,-38.7356491089,-1063214.0,0.0
0.1433154345,-38.7996292114,-1050919.0,0.0
0.142035827,-38.863609314,-1038512.0,0.0
0.1407562196,-38.9275894165,-1025955.0,0.0
0.1394766271,-38.991569519,-1013224.0,0.0
0.1381970197,-39.0555496216,-1000201.0,0.0
0.1369174123,-39.1195297241,-986895.0,0.0
0.1356378198,-39.1835098267,-973278.0,0.0
0.1343582124,-39.2474899292,-959460.0,0.0
0.1330786198,-39.3114700317,-945401.0,0.0
0.1317990124,-39.3754501343,-932074.0,0.0
0.130519405,-39.4394302368,-919815.0,0.0
0.1292398125,-39.5034103394,-904046.0,0.0
0.1279602051,-39.5673904419,-888703.0,0.0
0.1266805977,-39.6313705444,-872305.0,0.0
0.1254010051,-39.695350647,-855579.0,0.0
0.1241213977,-39.7593307495,-838777.0,0.0
0.1228417978,-39.8233108521,-822227.0,0.0
0.1215621978,-39.8872909546,-805728.0,0.0
0.1202825904,-39.9512710571,-789716.0,0.0
0.1190029904,-40.0152511597,-773732.0,0.0
0.1177233905,-40.0792312622,-758445.0,0.0
0.116443783,-40.1432113647,-743183.0,0.0
0.1151641831,-40.2071914673,-728396.0,0.0
0.1138845831,-40.2711715698,-713914.0,0.0
0.1126049832,-40.3351516724,-700247.0,0.0
0.1113253757,-40.3991317749,-686871.0,0.0
0.1100457758,-40.4631118774,-673938.0,0.0
0.1087661758,-40.52709198,-661524.0,0.0
0.1074865758,-40.5910720825,-649287.0,0.0
0.1062069684,-40.6550521851,-637236.0,0.0
0.1049273685,-40.7190322876,-625492.0,0.0
0.1036477685,-40.7830123901,-613823.0,0.0
0.1023681611,-40.8469924927,-602486.0,0.0
0.1010885611,-40.9109725952,-592079.0,0.0
0.0998089612,-40.9749526978,-583089.0,0.0
0.0985293612,-41.0389328003,-573111.0,0.0
0.0972497538,-41.1029129028,-562610.0,0.0
0.0959701538,-41.1668930054,-552457.0,0.0
0.0946905538,-41.2308731079,-542129.0,0.0
0.0934109464,-41.2948532104,-531891.0,0.0
0.0921313465,-41.358833313,-521955.0,0.0
0.0908517465,-41.4228134155,-511928.0,0.0
0.0895721465,-41.4867935181,-502158.0,0.0
0.0882925391,-41.5507736206,-492329.0,0.0
0.0870129392,-41.6147537231,-482682.0,0.0
0.0857333392,-41.6787338257,-472895.0,0.0
0.0844537318,-41.7427139282,-463096.0,0.0
0.0831741318,-41.8066940308,-452923.0,0.0
0.0818945318,-41.8706741333,-442745.0,0.0
0.0806149319,-41.9346542358,-432314.0,0.0
0.0793353245,-41.9986343384,-421581.0,0.0
0.0780557245,-42.0626144409,-410613.0,0.0
0.0767761245,-42.1265945435,-399402.0,0.0
0.0754965246,-42.190574646,-387654.0,0.0
0.0742169172,-42.2545547485,-375791.0,0.0
0.0729373172,-42.3185348511,-363641.0,0.0
0.0716577172,-42.3825149536,-351151.0,0.0
0.0703781098,-42.4464950562,-338835.0,0.0
0.0690985098,-42.5104751587,-327017.0,0.0
0.0678189099,-42.5744552612,-316592.0,0.0
0.0665393099,-42.6384353638,-303571.0,0.0
0.0652597025,-42.7024154663,-290961.0,0.0
0.0639801025,-42.7663955688,-277884.0,0.0
0.0627005026,-42.8303756714,-264895.0,0.0
0.0614208989,-42.8943557739,-252151.0,0.0
0.0601412952,-42.9583358765,-239380.0,0.0
0.0588616952,-43.022315979,-226768.0,0.0
0.0575820915,-43.0862960815,-214425.0,0.0
0.0563024916,-43.1502761841,-202150.0,0.0
0.0550228879,-43.2142562866,-190284.0,0.0
0.0537432879,-43.2782363892,-178316.0,0.0
0.0524636842,-43.3422164917,-166628.0,0.0
0.0511840805,-43.4061965942,-155113.0,0.0
0.0499044806,-43.4701766968,-143622.0,0.0
0.0486248769,-43.5341567993,-132211.0,0.0
0.0473452769,-43.5981369019,-121051.0,0.0
0.0460656732,-43.6621170044,-109986.0,0.0
0.0447860733,-43.7260971069,-98936.0,0.0
0.0435064696,-43.7900772095,-87996.0,0.0
0.0422268659,-43.854057312,-77156.0,0.0
0.0409472659,-43.9180374146,-66355.0,0.0
0.0396676622,-43.9820175171,-55629.0,0.0
0.0383880623,-44.0459976196,-45715.0,0.0
0.0371084586,-44.1099777222,-36806.0,0.0
0.0358288586,-44.1739578247,-27148.0,0.0
0.0345492549,-44.2379379272,-16663.0,0.0
0.033269655,-44.3019180298,-6237.0,0.0
0.0319900513,-44.3658981323,4526.0,0.0
0.0307104494,-44.4298782349,15051.0,0.0
0.0294308476,-44.4938583374,25448.0,0.0
0.0281512458,-44.5578384399,36002.0,0.0
0.026871644,-44.6218185425,46445.0,0.0
0.0255920403,-44.685798645,57067.0,0.0
0.0243124384,-44.7497787476,67536.0,0.0
0.0230328366,-44.8137588501,78315.0,0.0
0.0217532348,-44.8777389526,89308.0,0.0
0.020473633,-44.9417190552,100500.0,0.0
0.0191940311,-45.0056991577,112070.0,0.0
0.0179144293,-45.0696792603,123930.0,0.0
0.0166348275,-45.1336593628,136024.0,0.0
0.0153552247,-45.1976394653,148335.0,0.0
0.0140756229,-45.2616195679,161048.0,0.0
0.0127960201,-45.3255996704,174099.0,0.0
0.0115164183,-45.3895797729,187298.0,0.0
0.0102368165,-45.4535598755,200875.0,0.0
0.0089572147,-45.517539978,214306.0,0.0
0.0076776124,-45.5815200806,227775.0,0.0
0.0063980101,-45.6455001831,240505.0,0.0
0.0051184082,-45.7094802856,251641.0,0.0
0.0038388062,-45.7734603882,265432.0,0.0
0.0025592041,-45.8374404907,279001.0,0.0
0.0012796021,-45.9014205933,293040.0,0.0
0.0,-45.9654006958,307049.0,0.0
